Date,Time,L/S,Trade #,Valid Entry?,MAE (pts),MFE (pts),Trade Outcome,,Real $ Premium Scaling,,,Real $ Speed Scaling,,,,,Hour,Win Streak (YES),Loss Streak (YES),,,,,,,,,,,
2/17/2026,8:00:00 AM,SHORT,T1,YES,20,220,Took Profit,,,,,,,,,,8,1,0,,,,N/A,N/A,N/A,-$0.10,$0.10,,12:00:00 AM,N/A
2/17/2026,10:00:00 AM,LONG,T2,YES,-,180,Took Profit,,,,,,,,,,10,2,0,,,,,-5,5,-$0.20,$0.20,,12:15:00 AM,Same Day
2/17/2026,11:00:00 AM,SHORT,T3,YES,-,-,Took Loss,,,,,,,,,,11,0,1,,,,,-10,10,-$0.30,$0.30,,12:30:00 AM,1
2/17/2026,12:00:00 PM,LONG,T4,YES,-,260,Took Profit,,,,,,,,,,12,1,0,,,,,-15,15,-$0.40,$0.40,,12:45:00 AM,2
2/18/2026,9:00:00 AM,LONG,T1,YES,20,340,Took Profit,Recovery,,,,,,,,,9,2,0,,,,,-20,20,-$0.50,$0.50,,1:00:00 AM,3
2/18/2026,9:00:00 AM,SHORT,T2,YES,-,-,Took Loss,,,,,,,,,,9,0,1,,,,,-25,25,-$0.60,$0.60,,1:15:00 AM,4
2/18/2026,2:00:00 PM,LONG,T3,YES,40,80,Took Profit,,,,,,,,,,14,1,0,,,,,-30,30,-$0.70,$0.70,,1:30:00 AM,5
2/19/2026,9:00:00 AM,SHORT,T1,YES,-,140,Took Profit,Recovery,,,,,,,,,9,2,0,,,,,-35,35,-$0.80,$0.80,,1:45:00 AM,6
2/20/2026,9:00:00 AM,SHORT,T1,YES,-,20,Took Loss,,,,,,,,,,9,0,1,,,,,-40,40,-$0.90,$0.90,,2:00:00 AM,7
2/20/2026,10:00:00 AM,LONG,T2,YES,-,260,Took Profit,,,,,,,,,,10,1,0,,,,,-45,45,-$1.00,$1.00,,2:15:00 AM,8
2/20/2026,10:00:00 AM,SHORT,T3,YES,20,120,Took Profit,"Brick Size: 20 points.

Stop Loss: 160 points (8 bricks).

Take Profit: 40 points (2 bricks).

Ratio: 1:0.6",if recovery is missed wait for the next loss on paper/rotation then take the next recovery. same goes for missed regular trades.,,,,,,,,10,2,0,,,,,-50,50,,,,2:30:00 AM,
2/20/2026,10:00:00 AM,LONG,T4,YES,-,240,Took Profit,,,,,,,,,,10,3,0,,,,,-55,55,-$1.25,$1.25,,2:45:00 AM,9
2/20/2026,10:00:00 AM,SHORT,T5,YES,-,120,Took Profit,,,,,,,,,,10,4,0,,,,,-60,60,-$1.50,$1.50,,3:00:00 AM,10
2/20/2026,10:00:00 AM,SHORT,T6,YES,-,120,Took Profit,,,,,,,,,,10,5,0,,,,,-65,65,-$1.75,$1.75,,3:15:00 AM,11
2/20/2026,11:00:00 AM,SHORT,T7,YES,60,180,Took Profit,,,,,,,,,,11,6,0,,,,,-70,70,-$2.00,$2.00,,3:30:00 AM,12
2/20/2026,12:00:00 PM,LONG,T8,YES,80,160,Took Profit,,,,,,,,,,12,7,0,,,,,-75,75,-$2.25,$2.25,,3:45:00 AM,13
2/20/2026,12:00:00 PM,SHORT,T9,YES,-,100,Took Profit,,,,,,,,,,12,8,0,,,,,-80,80,-$2.50,$2.50,,4:00:00 AM,14
2/20/2026,1:00:00 PM,LONG,T10,YES,-,180,Took Profit,,,,,,,,,,13,9,0,,,,,-85,85,-$2.75,$2.75,,4:15:00 AM,15
2/20/2026,1:00:00 PM,SHORT,T11,YES,20,60,Took Profit,,,,,,,,,,13,10,0,,,,,-90,90,-$3.00,$3.00,,4:30:00 AM,16
2/23/2026,9:00:00 AM,LONG,T1,YES,20,80,Took Profit,,,,,,,,,,9,11,0,,,,,-95,95,-$3.25,$3.25,,4:45:00 AM,17
2/24/2026,8:00:00 AM,SHORT,T1,YES,-,180,Took Profit,,,,,,,,,,8,12,0,,,,,-100,100,-$3.50,$3.50,,5:00:00 AM,18
2/24/2026,9:00:00 AM,LONG,T2,YES,80,300,Took Profit,,,,,,,,,,9,13,0,,,,,-105,105,-$3.75,$3.75,,5:15:00 AM,19
2/24/2026,9:00:00 AM,SHORT,T3,YES,80,60,Took Profit,,,,,,,,,,9,14,0,,,,,-110,110,-$4.00,$4.00,,5:30:00 AM,20
2/24/2026,10:00:00 AM,SHORT,T4,YES,20,40,Took Profit,,,,,,,,,,10,15,0,,,,,-115,115,-$4.25,$4.25,,5:45:00 AM,21
2/26/2026,9:00:00 AM,LONG,T1,YES,-,20,Took Loss,,,,,,,,,,9,0,1,,,,,-120,120,-$4.50,$4.50,,6:00:00 AM,22
2/27/2026,10:00:00 AM,SHORT,T1,YES,-,60,Took Profit,,Real $ Premium Scaling,,,Real $ Speed Scaling,,,,,10,1,0,,,,,-125,125,-$4.75,$4.75,,6:15:00 AM,23
2/27/2026,1:00:00 PM,LONG,T2,YES,20,120,Took Profit,Recovery,PnL,Balance,,PnL,Balance,,,,13,2,0,,,,,-130,130,-$5.00,$5.00,,6:30:00 AM,24
2/27/2026,3:00:00 PM,SHORT,T3,YES,-,60,Took Profit,,,"$10,000.00",Trade recov,,"$3,000.00",Trade recov,,,15,3,0,,,,,-135,135,-$5.25,$5.25,,6:45:00 AM,25
3/2/2026,8:00:00 AM,SHORT,T1,YES,-,120,Took Profit,,$80.00,"$10,080.00",,$80.00,"$3,080.00",,,,8,4,0,,,,,-140,140,-$5.50,$5.50,,7:00:00 AM,26
3/2/2026,8:00:00 AM,LONG,T2,YES,-,500,Took Profit,,$80.00,"$10,160.00",,$80.00,"$3,160.00",,,,8,5,0,,,,,-145,145,-$5.75,$5.75,,7:15:00 AM,27
3/2/2026,9:00:00 AM,SHORT,T3,YES,-,-,Took Loss,,-$320.00,"$9,840.00",lossA,-$320.00,"$2,840.00",lossA,,,9,0,1,,,,,-150,150,-$6.00,$6.00,,7:30:00 AM,28
3/2/2026,11:00:00 AM,SHORT,T4,YES,-,-,Took Loss,,-$320.00,"$9,520.00",lossB,-$320.00,"$2,520.00",lossB,,,11,0,2,,,,,-155,155,-$6.25,$6.25,,7:45:00 AM,29
3/3/2026,8:00:00 AM,LONG,T1,YES,20,360,Took Profit,Recovery,$320.00,"$9,840.00",Art1c,$320.00,"$2,840.00",Art1c,,,8,1,0,,,,,-160,160,-$6.50,$6.50,,8:00:00 AM,30
3/3/2026,9:00:00 AM,SHORT,T2,YES,40,220,Took Profit,Recovery,$320.00,"$10,160.00",Brt1c,$320.00,"$3,160.00",Brt1c,,,9,2,0,,,,,-165,165,-$6.75,$6.75,,8:15:00 AM,31
3/3/2026,9:00:00 AM,SHORT,T3,YES,60,240,Took Profit,,$80.00,"$10,240.00",,$80.00,"$3,240.00",,,,9,3,0,,,,,-170,170,-$7.00,$7.00,,8:30:00 AM,
3/3/2026,9:00:00 AM,LONG,T4,YES,-,80,Took Profit,,$80.00,"$10,320.00",,$80.00,"$3,320.00",,,,9,4,0,,,,,-175,175,-$7.25,$7.25,,8:45:00 AM,
3/3/2026,9:00:00 AM,LONG,T5,YES,20,40,Took Profit,,$80.00,"$10,400.00",,$80.00,"$3,400.00",,,,9,5,0,,,,,-180,180,-$7.50,$7.50,,9:00:00 AM,
3/3/2026,11:00:00 AM,SHORT,T6,YES,-,-,Took Loss,,-$320.00,"$10,080.00",lossC,-$320.00,"$3,080.00",lossC,,,11,0,1,,,,,-185,185,-$7.75,$7.75,,9:15:00 AM,
3/4/2026,9:00:00 AM,SHORT,T1,YES,-,40,Took Profit,,$80.00,"$10,160.00",,$80.00,"$3,160.00",,,,9,1,0,,,,,-190,190,-$8.00,$8.00,,9:30:00 AM,
3/5/2026,9:00:00 AM,SHORT,T1,YES,-,340,Took Profit,Recovery,$320.00,"$10,480.00",Crt1c,$320.00,"$3,480.00",Crt1c,,,9,2,0,,,,,-195,195,-$8.25,$8.25,,9:45:00 AM,
3/5/2026,10:00:00 AM,LONG,T2,YES,100,80,Took Profit,,$80.00,"$10,560.00",,$80.00,"$3,560.00",,,,10,3,0,,,,,-200,200,-$8.50,$8.50,,10:00:00 AM,
3/5/2026,12:00:00 PM,SHORT,T3,YES,40,300,Took Profit,,$80.00,"$10,640.00",,$80.00,"$3,640.00",,,,12,4,0,,,,,-205,205,-$8.75,$8.75,,10:15:00 AM,
3/5/2026,12:00:00 PM,LONG,T4,YES,-,-,Took Loss,,-$320.00,"$10,320.00",lossD,-$320.00,"$3,320.00",lossD,,,12,0,1,,,,,-210,210,-$9.00,$9.00,,10:30:00 AM,
3/5/2026,3:00:00 PM,SHORT,T5,YES,-,-,Took Loss,,-$320.00,"$10,000.00",lossE,-$320.00,"$3,000.00",lossE,,,15,0,2,,,,,-215,215,-$9.25,$9.25,,10:45:00 AM,
3/6/2026,9:00:00 AM,LONG,T1,YES,20,260,Took Profit,Recovery,$320.00,"$10,320.00",Drt1c,$320.00,"$3,320.00",Drt1c,,,9,1,0,,,,,-220,220,-$9.50,$9.50,,11:00:00 AM,
3/6/2026,9:00:00 AM,LONG,T2,YES,-,280,Took Profit,Recovery,$320.00,"$10,640.00",Ert1c,$320.00,"$3,640.00",Ert1c,,,9,2,0,,,,,-225,225,-$9.75,$9.75,,11:15:00 AM,
3/6/2026,10:00:00 AM,SHORT,T3,YES,140,160,Took Profit,,$80.00,"$10,720.00",,$80.00,"$3,720.00",,,,10,3,0,,,,,-230,230,-$10.00,$10.00,,11:30:00 AM,
3/6/2026,12:00:00 PM,LONG,T4,YES,-,120,Took Profit,,$80.00,"$10,800.00",,$80.00,"$3,800.00",,,,12,4,0,,,,,-235,235,-$10.25,$10.25,,11:45:00 AM,
3/6/2026,2:00:00 PM,LONG,T5,YES,-,60,Took Profit,,$80.00,"$10,880.00",,$80.00,"$3,880.00",,,,14,5,0,,,,,-240,240,-$10.50,$10.50,,12:00:00 PM,
3/9/2026,9:00:00 AM,SHORT,T1,YES,20,180,Took Profit,,$80.00,"$10,960.00",,$80.00,"$3,960.00",,,,9,6,0,,,,,-245,245,-$10.75,$10.75,,12:15:00 PM,
3/9/2026,9:00:00 AM,LONG,T2,YES,-,700,Took Profit,,$80.00,"$11,040.00",,$80.00,"$4,040.00",,,,9,7,0,,,,,-250,250,-$11.00,$11.00,,12:30:00 PM,
3/9/2026,10:00:00 AM,SHORT,T3,YES,20,100,Took Profit,,$80.00,"$11,120.00",,$80.00,"$4,120.00",,,,10,8,0,,,,,-255,255,-$11.25,$11.25,,12:45:00 PM,
3/9/2026,10:00:00 AM,LONG,T4,YES,-,700,Took Profit,,$80.00,"$11,200.00",,$80.00,"$4,200.00",,,,10,9,0,,,,,-260,260,-$11.50,$11.50,,1:00:00 PM,
3/9/2026,10:00:00 AM,SHORT,T5,YES,-,60,Took Profit,,$80.00,"$11,280.00",,$80.00,"$4,280.00",,,,10,10,0,,,,,-265,265,-$11.75,$11.75,,1:15:00 PM,
3/9/2026,2:00:00 PM,SHORT,T6,YES,-,-,Took Loss,,-$320.00,"$10,960.00",lossF,-$320.00,"$3,960.00",lossF,,,14,0,1,,,,,-270,270,-$12.00,$12.00,,1:30:00 PM,
3/10/2026,9:00:00 AM,SHORT,T1,YES,40,140,Took Profit,,$80.00,"$11,040.00",,$80.00,"$4,040.00",,,,9,1,0,,,,,-275,275,-$12.25,$12.25,,1:45:00 PM,
3/10/2026,10:00:00 AM,LONG,T2,YES,40,240,Took Profit,Recovery,$320.00,"$11,360.00",Frt1c,$320.00,"$4,360.00",Frt1c,,,10,2,0,,,,,-280,280,-$12.50,$12.50,,2:00:00 PM,
3/10/2026,10:00:00 AM,SHORT,T3,YES,-,-,Took Loss,,-$320.00,"$11,040.00",lossG,-$320.00,"$4,040.00",lossG,,,10,0,1,,,,,-285,285,-$12.75,$12.75,,2:15:00 PM,
3/10/2026,2:00:00 PM,LONG,T4,YES,-,60,Took Profit,,$80.00,"$11,120.00",,$80.00,"$4,120.00",,,,14,1,0,,,,,-290,290,-$13.00,$13.00,,2:30:00 PM,
3/10/2026,3:00:00 PM,LONG,T5,YES,20,40,Took Profit,Recovery,$320.00,"$11,440.00",Grt1c,$320.00,"$4,440.00",Grt1c,,,15,2,0,,,,,-295,295,-$13.25,$13.25,,2:45:00 PM,
3/11/2026,8:00:00 AM,SHORT,T1,YES,-,120,Took Profit,,$80.00,"$11,520.00",,$80.00,"$4,520.00",,,,8,3,0,,,,,-300,300,-$13.50,$13.50,,3:00:00 PM,
3/11/2026,9:00:00 AM,SHORT,T2,YES,140,160,Took Profit,,$80.00,"$11,600.00",,$80.00,"$4,600.00",,,,9,4,0,,,,,-305,305,-$13.75,$13.75,,3:15:00 PM,
3/11/2026,10:00:00 AM,LONG,T3,YES,20,80,Took Profit,,$80.00,"$11,680.00",,$80.00,"$4,680.00",,,,10,5,0,,,,,-310,310,-$14.00,$14.00,,3:30:00 PM,
3/11/2026,11:00:00 AM,LONG,T4,YES,80,40,Took Profit,,$80.00,"$11,760.00",,$80.00,"$4,760.00",,,,11,6,0,,,,,-315,315,-$14.25,$14.25,,3:45:00 PM,
3/12/2026,9:00:00 AM,LONG,T1,YES,-,20,Took Loss,,-$320.00,"$11,440.00",lossH,-$320.00,"$4,440.00",lossH,,,9,0,1,,,,,-320,320,-$14.50,$14.50,,4:00:00 PM,
3/12/2026,10:00:00 AM,LONG,T2,YES,60,80,Took Profit,,$80.00,"$11,520.00",,$80.00,"$4,520.00",,,,10,1,0,,,,,-325,325,-$14.75,$14.75,,4:15:00 PM,
3/12/2026,12:00:00 PM,LONG,T3,YES,20,100,Took Profit,PA 11 Recovery,$320.00,"$11,840.00",Hrt1c,$320.00,"$4,840.00",Hrt1c,,,12,2,0,,,,,-330,330,-$15.00,$15.00,,4:30:00 PM,
3/12/2026,1:00:00 PM,LONG,T4,YES,20,40,Took Profit,,$80.00,"$11,920.00",,$80.00,"$4,920.00",,,,13,3,0,,,,,-335,335,-$15.25,$15.25,,4:45:00 PM,
3/13/2026,10:00:00 AM,LONG,T1,YES,-,-,Took Loss,,-$320.00,"$11,600.00",lossi,-$320.00,"$4,600.00",lossi,,,10,0,1,,,,,-340,340,-$15.50,$15.50,,5:00:00 PM,
3/16/2026,1:00:00 PM,SHORT,T1,YES,-,60,Took Profit,,$80.00,"$11,680.00",,$80.00,"$4,680.00",,,,13,1,0,,,,,-345,345,-$15.75,$15.75,,5:15:00 PM,
3/17/2026,1:00:00 PM,SHORT,T1,YES,-,40,Took Profit,PA 11 Recovery,$320.00,"$12,000.00",irc1c,$320.00,"$5,000.00",irc1c,,,13,2,0,,,,,-350,350,-$16.00,$16.00,,5:30:00 PM,
3/18/2026,8:00:00 AM,LONG,T1,YES,-,-,Took Loss,,-$320.00,"$11,680.00",lossJ,-$320.00,"$4,680.00",lossJ,,,8,0,1,,,,,-355,355,-$16.25,$16.25,,5:45:00 PM,
3/19/2026,10:00:00 AM,SHORT,T1,YES,-,160,Took Profit,,$80.00,"$11,760.00",,$80.00,"$4,760.00",,,,10,1,0,,,,,-360,360,-$16.50,$16.50,,6:00:00 PM,
3/19/2026,10:00:00 AM,LONG,T2,YES,-,260,Took Profit,PA 11 Recovery,$320.00,"$12,080.00",Jrt1c,$320.00,"$5,080.00",Jrt1c,,,10,2,0,,,,,-365,365,-$16.75,$16.75,,6:15:00 PM,
3/19/2026,10:00:00 AM,SHORT,T3,YES,-,160,Took Profit,,$80.00,"$12,160.00",,$80.00,"$5,160.00",,,,10,3,0,,,,,-370,370,-$17.00,$17.00,,6:30:00 PM,
3/19/2026,11:00:00 AM,SHORT,T4,YES,-,180,Took Profit,,$80.00,"$12,240.00",,$160.00,"$5,320.00",,,,11,4,0,,,,,-375,375,-$17.25,$17.25,,6:45:00 PM,
3/19/2026,11:00:00 AM,LONG,T5,YES,40,240,Took Profit,,$80.00,"$12,320.00",,$160.00,"$5,480.00",,,,11,5,0,,,,,-380,380,-$17.50,$17.50,,7:00:00 PM,
3/19/2026,12:00:00 PM,LONG,T6,YES,-,240,Took Profit,,$80.00,"$12,400.00",,$160.00,"$5,640.00",,,,12,6,0,,,,,-385,385,-$17.75,$17.75,,7:15:00 PM,
3/19/2026,2:00:00 PM,SHORT,T7,YES,-,100,Took Profit,,$80.00,"$12,480.00",,$160.00,"$5,800.00",,,,14,7,0,,,,,-390,390,-$18.00,$18.00,,7:30:00 PM,
3/19/2026,2:00:00 PM,SHORT,T8,YES,-,-,Took Loss,,-$320.00,"$12,160.00",lossK,-$640.00,"$5,160.00",lossK,,,14,0,1,,,,,-395,395,-$18.25,$18.25,,7:45:00 PM,
3/20/2026,9:00:00 AM,LONG,T1,YES,20,60,Took Profit,,$80.00,"$12,240.00",,$160.00,"$5,320.00",,,,9,1,0,,,,,-400,400,-$18.50,$18.50,,8:00:00 PM,
3/20/2026,12:00:00 PM,LONG,T2,YES,-,40,Took Profit,PA 10 Recovery,$320.00,"$12,560.00",Krt1c,$640.00,"$5,960.00",Krt1c,,,12,2,0,,,,,-405,405,-$18.75,$18.75,,8:15:00 PM,
3/23/2026,8:00:00 AM,LONG,T1,YES,20,260,Took Profit,,$80.00,"$12,640.00",,$160.00,"$6,120.00",,,,8,3,0,,,,,-410,410,-$19.00,$19.00,,8:30:00 PM,
3/23/2026,8:00:00 AM,SHORT,T2,YES,20,220,Took Profit,,$80.00,"$12,720.00",,$160.00,"$6,280.00",,,,8,4,0,,,,,-415,415,-$19.25,$19.25,,8:45:00 PM,
3/23/2026,9:00:00 AM,LONG,T3,YES,-,200,Took Profit,,$80.00,"$12,800.00",,$160.00,"$6,440.00",,,,9,5,0,,,,,-420,420,-$19.50,$19.50,,9:00:00 PM,
3/23/2026,9:00:00 AM,SHORT,T4,YES,120,240,Took Profit,,$80.00,"$12,880.00",,$160.00,"$6,600.00",,,,9,6,0,,,,,-425,425,-$19.75,$19.75,,9:15:00 PM,
3/23/2026,11:00:00 AM,LONG,T5,YES,-,-,Took Loss,,-$320.00,"$12,560.00",lossL,-$640.00,"$5,960.00",lossL,,,11,0,1,,,,,-430,430,-$20.00,$20.00,,9:30:00 PM,
3/23/2026,2:00:00 PM,SHORT,T6,YES,20,140,Took Profit,,$80.00,"$12,640.00",,$160.00,"$6,120.00",,,,14,1,0,,,,,-435,435,-$22.00,$22.00,,9:45:00 PM,
3/23/2026,4:00:00 PM,LONG,T7,YES,20,40,Took Profit,PA 10 Recovery,$320.00,"$12,960.00",Lrt1c,$640.00,"$6,760.00",Lrt1c,,,16,2,0,,,,,-440,440,-$24.00,$24.00,,10:00:00 PM,
3/24/2026,10:00:00 AM,LONG,T1,YES,-,200,Took Profit,,$80.00,"$13,040.00",,$160.00,"$6,920.00",,,,10,3,0,,,,,-445,445,-$26.00,$26.00,,10:15:00 PM,
3/24/2026,10:00:00 AM,SHORT,T2,YES,40,120,Took Profit,,$80.00,"$13,120.00",,$160.00,"$7,080.00",,,,10,4,0,,,,,-450,450,-$28.00,$28.00,,10:30:00 PM,
3/24/2026,11:00:00 AM,SHORT,T3,YES,60,140,Took Profit,,$80.00,"$13,200.00",,$160.00,"$7,240.00",,,,11,5,0,,,,,-455,455,-$30.00,$30.00,,10:45:00 PM,
3/24/2026,1:00:00 PM,LONG,T4,YES,60,300,Took Profit,,$80.00,"$13,280.00",,$160.00,"$7,400.00",,,,13,6,0,,,,,-460,460,-$32.00,$32.00,,11:00:00 PM,
3/24/2026,2:00:00 PM,SHORT,T5,YES,20,120,Took Profit,,$80.00,"$13,360.00",,$160.00,"$7,560.00",,,,14,7,0,,,,,-465,465,-$34.00,$34.00,,11:15:00 PM,
3/24/2026,3:00:00 PM,LONG,T6,YES,-,340,Took Profit,,$80.00,"$13,440.00",,$160.00,"$7,720.00",,,,15,8,0,,,,,-470,470,-$36.00,$36.00,,11:30:00 PM,
3/24/2026,4:00:00 PM,SHORT,T7,YES,-,-,Took Loss,,-$320.00,"$13,120.00",lossM,-$640.00,"$7,080.00",lossM,,,16,0,1,,,,,-475,475,-$38.00,$38.00,,11:45:00 PM,
3/25/2026,8:00:00 AM,LONG,T1,YES,-,120,Took Profit,,$80.00,"$13,200.00",,$160.00,"$7,240.00",,,,8,1,0,,,,,-480,480,-$40.00,$40.00,,12:00:00 AM,
3/25/2026,9:00:00 AM,SHORT,T2,YES,20,200,Took Profit,PA 11 Recovery,$320.00,"$13,520.00",Mrt1c,$640.00,"$7,880.00",Mrt1c,,,9,2,0,,,,,-485,485,-$42.00,$42.00,,,
3/25/2026,9:00:00 AM,LONG,T3,YES,40,120,Took Profit,,$80.00,"$13,600.00",,$160.00,"$8,040.00",,,,9,3,0,,,,,-490,490,-$44.00,$44.00,,,
3/25/2026,10:00:00 AM,SHORT,T4,YES,20,180,Took Profit,,$80.00,"$13,680.00",,$160.00,"$8,200.00",,,,10,4,0,,,,,-495,495,-$46.00,$46.00,,,
3/25/2026,11:00:00 AM,LONG,T5,YES,80,100,Took Profit,,$80.00,"$13,760.00",,$160.00,"$8,360.00",,,,11,5,0,,,,,-500,500,-$48.00,$48.00,,,
3/25/2026,12:00:00 PM,LONG,T6,YES,-,140,Took Profit,,$80.00,"$13,840.00",,$160.00,"$8,520.00",,,,12,6,0,,,,,-505,505,-$50.00,$50.00,,,
3/25/2026,1:00:00 PM,SHORT,T7,YES,20,140,Took Profit,,$80.00,"$13,920.00",,$160.00,"$8,680.00",,,,13,7,0,,,,,-510,510,-$52.00,$52.00,,,
3/26/2026,10:00:00 AM,LONG,T1,YES,-,-,Took Loss,,-$320.00,"$13,600.00",lossN,-$640.00,"$8,040.00",lossN,,,10,0,1,,,,,-515,515,-$54.00,$54.00,,,
3/27/2026,12:00:00 PM,LONG,T1,YES,20,40,Took Profit,,$80.00,"$13,680.00",,$160.00,"$8,200.00",,,,12,1,0,,,,,-520,520,-$56.00,$56.00,,,
3/30/2026,9:00:00 AM,LONG,T1,YES,100,40,Took Profit,PA 11 Recovery,$320.00,"$14,000.00",Nrt1c,$640.00,"$8,840.00",Nrt1c,,,9,2,0,,,,,-525,525,-$58.00,$58.00,,,
3/30/2026,11:00:00 AM,LONG,T2,YES,20,100,Took Profit,,$80.00,"$14,080.00",,$160.00,"$9,000.00",,,,11,3,0,,,,,-530,530,-$60.00,$60.00,,,
3/30/2026,11:00:00 AM,SHORT,T3,YES,-,380,Took Profit,,$80.00,"$14,160.00",,$160.00,"$9,160.00",,,,11,4,0,,,,,-535,535,-$62.00,$62.00,,,
3/30/2026,12:00:00 PM,LONG,T4,YES,-,-,Took Loss,,-$320.00,"$13,840.00",,-$640.00,"$8,520.00",,,,12,0,1,,,,,-540,540,-$64.00,$64.00,,,
3/31/2026,8:00:00 AM,SHORT,T1,YES,-,60,Took Profit,,$80.00,"$13,920.00",,$160.00,"$8,680.00",,,,8,1,0,,,,,-545,545,-$66.00,$66.00,,,
3/31/2026,10:00:00 AM,LONG,T2,YES,20,,Took Profit,PA 13 Recovery,$320.00,"$14,240.00",,$640.00,"$9,320.00",,,,10,2,0,,,,,-550,550,-$68.00,$68.00,,,
3/31/2026,11:00:00 AM,SHORT,T3,YES,20,80,Took Profit,,$80.00,"$14,320.00",,$160.00,"$9,480.00",,,,11,3,0,,,,,-555,555,-$70.00,$70.00,,,
3/31/2026,12:00:00 PM,SHORT,T4,YES,-,-,Took Loss,,-$320.00,"$14,000.00",lossO,-$640.00,"$8,840.00",lossO,,,12,0,1,,,,,-560,560,-$72.00,$72.00,,,
3/31/2026,12:00:00 PM,SHORT,T5,YES,20,80,Took Profit,,$80.00,"$14,080.00",,$160.00,"$9,000.00",,,,12,1,0,,,,,-565,565,-$74.00,$74.00,,,
3/31/2026,1:00:00 PM,SHORT,T6,YES,40,60,Took Profit,PA 14 Recovery,$320.00,"$14,400.00",Ort1c,$640.00,"$9,640.00",Ort1c,,,13,2,0,,,,,-570,570,-$76.00,$76.00,,,
4/1/2026,8:00:00 AM,LONG,T1,YES,20,280,Took Profit,,$80.00,"$14,480.00",,$160.00,"$9,800.00",,,,8,3,0,,,,,-575,575,-$78.00,$78.00,,,
4/1/2026,9:00:00 AM,SHORT,T2,YES,20,100,Took Profit,,$80.00,"$14,560.00",,$160.00,"$9,960.00",,,,9,4,0,,,,,-580,580,-$80.00,$80.00,,,
4/1/2026,9:00:00 AM,LONG,T3,YES,-,280,Took Profit,,$80.00,"$14,640.00",,$160.00,"$10,120.00",,,,9,5,0,,,,,-585,585,-$82.00,$82.00,,,
4/1/2026,10:00:00 AM,SHORT,T4,YES,-,20,Took Loss,,-$320.00,"$14,320.00",lossP,-$640.00,"$9,480.00",lossP,,,10,0,1,,,,,-590,590,-$84.00,$84.00,,,
4/1/2026,2:00:00 PM,LONG,T5,YES,-,100,Took Profit,,$80.00,"$14,400.00",,$160.00,"$9,640.00",,,,14,1,0,,,,,-595,595,-$86.00,$86.00,,,
4/1/2026,3:00:00 PM,SHORT,T6,YES,-,60,Took Profit,PA 10 Recovery,$320.00,"$14,720.00",Prt1c,$640.00,"$10,280.00",Prt1c,,,15,2,0,,,,,-600,600,-$88.00,$88.00,,,
4/2/2026,10:00:00 AM,SHORT,T1,YES,-,20,Took Loss,,-$320.00,"$14,400.00",lossQ,-$640.00,"$9,640.00",lossQ,,,10,0,1,,,,,-605,605,-$90.00,$90.00,,,
4/2/2026,10:00:00 AM,SHORT,T2,YES,-,140,Took Profit,,$80.00,"$14,480.00",,$160.00,"$9,800.00",,,,10,1,0,,,,,-610,610,-$92.00,$92.00,,,
4/2/2026,11:00:00 AM,SHORT,T3,YES,-,140,Took Profit,PA 11 Recovery,$320.00,"$14,800.00",Qrt1c,$640.00,"$10,440.00",Qrt1c,,,11,2,0,,,,,-615,615,-$94.00,$94.00,,,
4/2/2026,12:00:00 PM,LONG,T4,YES,20,140,Took Profit,,$80.00,"$14,880.00",,$320.00,"$10,760.00",,,,12,3,0,,,,,-620,620,-$96.00,$96.00,,,
4/2/2026,1:00:00 PM,LONG,T5,YES,-,140,Took Profit,,$80.00,"$14,960.00",,$320.00,"$11,080.00",,,,13,4,0,,,,,-625,625,-$98.00,$98.00,,,
4/6/2026,9:00:00 AM,SHORT,T1,YES,100,120,Took Profit,,$80.00,"$15,040.00",,$320.00,"$11,400.00",,,,9,5,0,,,,,-630,630,-$100.00,$100.00,,,
4/6/2026,10:00:00 AM,SHORT,T2,YES,-,160,Took Profit,,$80.00,"$15,120.00",,$320.00,"$11,720.00",,,,10,6,0,,,,,-635,635,,,,,
4/6/2026,11:00:00 AM,LONG,T3,YES,-,100,Took Profit,,$80.00,"$15,200.00",,$320.00,"$12,040.00",,,,11,7,0,,,,,-640,640,,,,,
4/6/2026,1:00:00 PM,LONG,T4,YES,40,100,Took Profit,,$80.00,"$15,280.00",,$320.00,"$12,360.00",,,,13,8,0,,,,,-645,645,,,,,
4/7/2026,9:00:00 AM,SHORT,T1,YES,-,340,Took Profit,,$80.00,"$15,360.00",,$320.00,"$12,680.00",,,,9,9,0,,,,,-650,650,,,,,
4/7/2026,9:00:00 AM,LONG,T2,YES,-,20,Took Loss,,-$320.00,"$15,040.00",lossR,"-$1,280.00","$11,400.00",lossR,,,9,0,1,,,,,-655,655,,,,,
4/7/2026,12:00:00 PM,SHORT,T3,YES,120,80,Took Profit,,$80.00,"$15,120.00",,$320.00,"$11,720.00",,,,12,1,0,,,,,-660,660,,,,,
4/7/2026,2:00:00 PM,LONG,T4,YES,40,280,Took Profit,PA 12 Recovery,$320.00,"$15,440.00",rrt1c,"$1,280.00","$13,000.00",rrt1c,,,14,2,0,,,,,-665,665,,,,,
4/7/2026,3:00:00 PM,SHORT,T5,YES,-,20,Took Loss,,-$320.00,"$15,120.00",lossS,"-$1,280.00","$11,720.00",lossS,,,15,0,1,,,,,-670,670,,,,,
4/8/2026,10:00:00 AM,LONG,T1,YES,100,100,Took Profit,,$80.00,"$15,200.00",,$320.00,"$12,040.00",,,,10,1,0,,,,,-675,675,,,,,
4/8/2026,2:00:00 PM,LONG,T2,YES,60,60,Took Profit,PA 10 Recovery,$320.00,"$15,520.00",srt1c,"$1,280.00","$13,320.00",srt1c,,,14,2,0,,,,,-680,680,,,,,
4/9/2026,9:00:00 AM,SHORT,T1,YES,20,100,Took Profit,,$80.00,"$15,600.00",,$320.00,"$13,640.00",,,,9,3,0,,,,,-685,685,,,,,
4/9/2026,11:00:00 AM,SHORT,T2,YES,-,40,Took Profit,,$80.00,"$15,680.00",,$320.00,"$13,960.00",,,,11,4,0,,,,,-690,690,,,,,
4/16/2026,10:00:00 AM,SHORT,T1,YES,-,-,Took Loss,,-$320.00,"$15,360.00",lossT,"-$1,280.00","$12,680.00",lossT,,,10,0,1,,,,,-695,695,,,,,
4/16/2026,2:00:00 PM,LONG,T2,YES,20,100,Took Profit,,$80.00,"$15,440.00",,$320.00,"$13,000.00",,,,14,1,0,,,,,-700,700,,,,,
4/16/2026,3:00:00 PM,SHORT,T3,YES,-,40,Took Profit,PA 11 Recovery,$320.00,"$15,760.00",trtc,"$1,280.00","$14,280.00",trtc,,,15,2,0,,,,,-705,705,,,,,
4/20/2026,10:00:00 AM,LONG,T1,YES,100,120,Took Profit,,$80.00,"$15,840.00",,$320.00,"$14,600.00",,,,10,3,0,,,,,-710,710,,,,,
4/21/2026,10:00:00 AM,SHORT,T1,YES,20,300,Took Profit,,$80.00,"$15,920.00",,$320.00,"$14,920.00",,,,10,4,0,,,,,-715,715,,,,,
4/21/2026,10:00:00 AM,LONG,T2,YES,60,40,Took Profit,,$80.00,"$16,000.00",,$320.00,"$15,240.00",,,,10,5,0,,,,,-720,720,,,,,
4/21/2026,2:00:00 PM,LONG,T3,YES,-,120,Took Profit,,$80.00,"$16,080.00",,$320.00,"$15,560.00",,,,14,6,0,,,,,-725,725,,,,,
4/21/2026,3:00:00 PM,SHORT,T4,YES,-,200,Took Profit,,$80.00,"$16,160.00",,$320.00,"$15,880.00",,,,15,7,0,,,,,-730,730,,,,,
4/21/2026,3:00:00 PM,LONG,T5,YES,100,120,Took Profit,,$80.00,"$16,240.00",,$320.00,"$16,200.00",,,,15,8,0,,,,,-735,735,,,,,
4/21/2026,4:00:00 PM,SHORT,T6,YES,20,60,Took Profit,,$80.00,"$16,320.00",,$320.00,"$16,520.00",,,,16,9,0,,,,,-740,740,,,,,
4/23/2026,10:00:00 AM,SHORT,T1,YES,60,400,Took Profit,,$80.00,"$16,400.00",,$320.00,"$16,840.00",,,,10,10,0,,,,,-745,745,,,,,
4/23/2026,1:00:00 PM,LONG,T2,YES,-,-,Took Loss,,-$320.00,"$16,080.00",lossU,"-$1,280.00","$15,560.00",lossU,,,13,0,1,,,,,-750,750,,,,,
4/23/2026,2:00:00 PM,SHORT,T3,YES,80,40,Took Profit,,$80.00,"$16,160.00",,$320.00,"$15,880.00",,,,14,1,0,,,,,-755,755,,,,,
4/24/2026,10:00:00 AM,SHORT,T1,YES,-,-,Took Loss,PA 12 Recovery,"-$1,280.00","$14,880.00",lossV,"-$5,120.00","$10,760.00",lossV,,,10,0,1,,,,,-760,760,,,,,
4/27/2026,9:00:00 AM,LONG,T1,YES,-,80,Took Profit,,$80.00,"$14,960.00",,$320.00,"$11,080.00",,,,9,1,0,,,,,-765,765,,,,,
4/28/2026,10:00:00 AM,LONG,T1,YES,100,100,Took Profit,PA 12 recovery 2,"$1,600.00","$16,560.00",UVrtc,"$1,280.00","$12,360.00",UVrtc,,,10,2,0,,,,,-770,770,,,,,
4/29/2026,9:00:00 AM,LONG,T1,YES,20,240,Took Profit,,$80.00,"$16,640.00",,$320.00,"$12,680.00",,,,9,3,0,,,,,-775,775,,,,,
4/29/2026,12:00:00 PM,LONG,T2,YES,-,240,Took Profit,,$80.00,"$16,720.00",,$320.00,"$13,000.00",,,,12,4,0,,,,,-780,780,,,,,
4/29/2026,2:00:00 PM,LONG,T3,YES,-,240,Took Profit,,$80.00,"$16,800.00",,$320.00,"$13,320.00",,,,14,5,0,,,,,-785,785,,,,,
4/29/2026,2:00:00 PM,SHORT,T4,YES,60,200,Took Profit,,$80.00,"$16,880.00",,$320.00,"$13,640.00",,,,14,6,0,,,,,-790,790,,,,,
4/29/2026,4:00:00 PM,LONG,T5,YES,140,40,Took Profit,,$80.00,"$16,960.00",,$320.00,"$13,960.00",,,,16,7,0,,,,,-795,795,,,,,
4/30/2026,9:00:00 AM,LONG,T1,YES,-,-,Took Loss,,-$320.00,"$16,640.00",lossW,"-$1,280.00","$12,680.00",lossW,,,9,0,1,,,,,-800,800,,,,,
4/30/2026,10:00:00 AM,SHORT,T2,YES,-,-,Took Loss,,-$320.00,"$16,320.00",lossX,"-$1,280.00","$11,400.00",lossX,,,10,0,2,,,,,-805,805,,,,,
5/4/2026,11:00:00 AM,LONG,T1,YES,-,-,Took Loss,PA 06 & LFE 03 recovery,"-$1,280.00","$15,040.00",lossY,"-$5,120.00","$6,280.00",lossY,,,11,0,3,,,,,-810,810,,,,,
5/4/2026,1:00:00 PM,SHORT,T2,YES,-,80,Took Profit,PA 12 & LFE 04 recovery,$320.00,"$15,360.00",Xrtc,$640.00,"$6,920.00",Xrtc,,,13,1,0,,,,,-815,815,,,,,
5/6/2026,9:00:00 AM,LONG,T1,YES,40,421,Took Profit,PA10 & LFE05 recovery 2,"$1,600.00","$16,960.00",WYrtc,$640.00,"$7,560.00",WYrtc,,,9,2,0,,,,,-820,820,,,,,
5/6/2026,9:00:00 AM,SHORT,T2,YES,-,80,Took Profit,,$80.00,"$17,040.00",,$160.00,"$7,720.00",,,,9,3,0,,,,,-825,825,,,,,
5/6/2026,10:00:00 AM,SHORT,T3,YES,-,60,Took Profit,,$80.00,"$17,120.00",,$160.00,"$7,880.00",,,,10,4,0,,,,,-830,830,,,,,
5/7/2026,12:00:00 PM,LONG,T1,YES,80,40,Took Profit,,$80.00,"$17,200.00",,$160.00,"$8,040.00",,,,12,5,0,,,,,-835,835,,,,,
5/7/2026,3:00:00 PM,LONG,T2,YES,20,140,Took Profit,,$80.00,"$17,280.00",,$160.00,"$8,200.00",,,,15,6,0,,,,,-850,850,,,,,
5/11/2026,9:00:00 AM,SHORT,T1,YES,40,120,Took Profit,,$80.00,"$17,360.00",,$160.00,"$8,360.00",,,,9,7,0,,,,,-900,900,,,,,
5/11/2026,10:00:00 AM,LONG,T2,YES,-,220,Took Profit,,$80.00,"$17,440.00",,$160.00,"$8,520.00",,,,10,8,0,,,,,-950,950,,,,,
5/11/2026,10:00:00 AM,SHORT,T3,YES,100,40,Took Profit,,$80.00,"$17,520.00",,$160.00,"$8,680.00",,,,10,9,0,,,,,-1000,1000,,,,,
5/12/2026,9:00:00 AM,SHORT,T1,YES,-,520,Took Profit,,$80.00,"$17,600.00",,$160.00,"$8,840.00",,,,9,10,0,,,,,-1050,1050,,,,,
5/12/2026,9:00:00 AM,LONG,T2,YES,60,60,Took Profit,,$80.00,"$17,680.00",,$160.00,"$9,000.00",,,,9,11,0,,,,,-1100,1100,,,,,
5/12/2026,10:00:00 AM,LONG,T3,YES,-,20,Took Loss,,-$320.00,"$17,360.00",lossZ,-$640.00,"$8,360.00",lossZ,,,10,0,1,,,,,-1150,1150,,,,,
5/12/2026,2:00:00 PM,SHORT,T4,YES,-,20,Took Loss,,-$320.00,"$17,040.00",lossA,-$640.00,"$7,720.00",lossA,,,14,0,2,,,,,-1200,1200,,,,,
5/13/2026,8:00:00 AM,LONG,T1,YES,-,360,Took Profit,PA12 & LFE04 recovery,$320.00,"$17,360.00",Zrtc,$640.00,"$8,360.00",Zrtc,,,8,1,0,,,,,-1250,1250,,,,,
5/13/2026,10:00:00 AM,LONG,T2,YES,-,420,Took Profit,PA15 & LFE04 recovery,$320.00,"$17,680.00",Artc,$640.00,"$9,000.00",Artc,,,10,2,0,,,,,-1300,1300,,,,,
5/13/2026,10:00:00 AM,SHORT,T3,YES,-,20,Took Loss,,-$320.00,"$17,360.00",lossB,-$640.00,"$8,360.00",lossB,,,10,0,1,,,,,-1350,1350,,,,,
5/14/2026,9:00:00 AM,SHORT,T1,YES,80,60,Took Profit,,$80.00,"$17,440.00",,$160.00,"$8,520.00",,,,9,1,0,,,,,-1400,1400,,,,,
5/14/2026,10:00:00 AM,SHORT,T2,YES,20,40,Took Profit,recovery,$320.00,"$17,760.00",Brtc,$640.00,"$9,160.00",Brtc,,,10,2,0,,,,,-1450,1450,,,,,
5/14/2026,1:00:00 PM,LONG,T3,YES,-,140,Took Profit,,$80.00,"$17,840.00",,$160.00,"$9,320.00",,,,13,3,0,,,,,-1500,1500,,,,,
5/14/2026,1:00:00 PM,SHORT,T4,YES,-,100,Took Profit,,$80.00,"$17,920.00",,$160.00,"$9,480.00",,,,13,4,0,,,,,-1550,1550,,,,,
5/15/2026,8:00:00 AM,LONG,T1,YES,60,260,Took Profit,,$80.00,"$18,000.00",,$160.00,"$9,640.00",,,,8,5,0,,,,,-1600,1600,,,,,
5/15/2026,9:00:00 AM,LONG,T2,YES,120,260,Took Profit,,$80.00,"$18,080.00",,$160.00,"$9,800.00",,,,9,6,0,,,,,-1650,1650,,,,,
5/15/2026,9:00:00 AM,LONG,T3,YES,20,120,Took Profit,,$80.00,"$18,160.00",,$160.00,"$9,960.00",,,,9,7,0,,,,,-1700,1700,,,,,
5/15/2026,9:00:00 AM,LONG,T4,YES,20,320,Took Profit,,$80.00,"$18,240.00",,$160.00,"$10,120.00",,,,9,8,0,,,,,-1750,1750,,,,,
5/15/2026,10:00:00 AM,SHORT,T5,YES,20,40,Took Profit,,$80.00,"$18,320.00",,$160.00,"$10,280.00",,,,10,9,0,,,,,-1800,1800,,,,,
5/15/2026,11:00:00 AM,SHORT,T6,YES,20,220,Took Profit,,$80.00,"$18,400.00",,$320.00,"$10,600.00",,,,11,10,0,,,,,-1850,1850,,,,,
5/15/2026,11:00:00 AM,LONG,T7,YES,20,240,Took Profit,,$80.00,"$18,480.00",,$320.00,"$10,920.00",,,,11,11,0,,,,,-1900,1900,,,,,
5/15/2026,1:00:00 PM,SHORT,T8,YES,140,220,Took Profit,,$80.00,"$18,560.00",,$320.00,"$11,240.00",,,,13,12,0,,,,,-1950,1950,,,,,
5/15/2026,3:00:00 PM,LONG,T9,YES,-,40,Took Profit,,$80.00,"$18,640.00",,$320.00,"$11,560.00",,,,15,13,0,,,,,-2000,2000,,,,,
5/18/2026,9:00:00 AM,LONG,T1,YES,40,120,Took Profit,,$80.00,"$18,720.00",,$320.00,"$11,880.00",,,,9,14,0,,,,,,,,,,,
5/18/2026,9:00:00 AM,SHORT,T2,YES,-,440,Took Profit,,$80.00,"$18,800.00",,$320.00,"$12,200.00",,,,9,15,0,,,,,,,,,,,
5/18/2026,10:00:00 AM,LONG,T3,YES,40,120,Took Profit,,$80.00,"$18,880.00",,$320.00,"$12,520.00",,,,10,16,0,,,,,,,,,,,
5/18/2026,10:00:00 AM,SHORT,T4,YES,-,440,Took Profit,,$80.00,"$18,960.00",,$320.00,"$12,840.00",,,,10,17,0,,,,,,,,,,,
5/18/2026,10:00:00 AM,LONG,T5,YES,-,-,Took Loss,,-$320.00,"$18,640.00",lossC,"-$1,280.00","$11,560.00",lossC,,,10,0,1,,,,,,,,,,,
5/18/2026,10:00:00 AM,LONG,T6,YES,20,80,Took Profit,,$80.00,"$18,720.00",,$320.00,"$11,880.00",,,,10,1,0,,,,,,,,,,,
5/18/2026,11:00:00 AM,LONG,T7,YES,-,40,Took Profit,recovery,$320.00,"$19,040.00",Crtc,"$1,280.00","$13,160.00",Crtc,,,11,2,0,,,,,,,,,,,
5/18/2026,11:00:00 AM,LONG,T8,YES,-,60,Took Profit,,$80.00,"$19,120.00",,$320.00,"$13,480.00",,,,11,3,0,,,,,,,,,,,
5/18/2026,12:00:00 PM,LONG,T9,YES,120,60,Took Profit,,$80.00,"$19,200.00",,$320.00,"$13,800.00",,,,12,4,0,,,,,,,,,,,
5/18/2026,12:00:00 PM,SHORT,T10,YES,-,220,Took Profit,,$80.00,"$19,280.00",,$320.00,"$14,120.00",,,,12,5,0,,,,,,,,,,,
5/18/2026,2:00:00 PM,LONG,T11,YES,100,180,Took Profit,,$80.00,"$19,360.00",,$320.00,"$14,440.00",,,,14,6,0,,,,,,,,,,,
5/18/2026,3:00:00 PM,SHORT,T12,YES,60,100,Took Profit,,$80.00,"$19,440.00",,$320.00,"$14,760.00",,,,15,7,0,,,,,,,,,,,
5/18/2026,3:00:00 PM,LONG,T13,YES,20,180,Took Profit,,$80.00,"$19,520.00",,$320.00,"$15,080.00",,,,15,8,0,,,,,,,,,,,
5/19/2026,9:00:00 AM,SHORT,T1,YES,100,260,Took Profit,,$80.00,"$19,600.00",,$320.00,"$15,400.00",,,,9,9,0,,,,,,,,,,,
5/19/2026,9:00:00 AM,LONG,T2,YES,-,140,Took Profit,,$80.00,"$19,680.00",,$320.00,"$15,720.00",,,,9,10,0,,,,,,,,,,,
5/19/2026,9:00:00 AM,SHORT,T3,YES,-,320,Took Profit,,$80.00,"$19,760.00",,$320.00,"$16,040.00",,,,9,11,0,,,,,,,,,,,
5/19/2026,9:00:00 AM,SHORT,T4,YES,20,320,Took Profit,,$80.00,"$19,840.00",,$320.00,"$16,360.00",,,,9,12,0,,,,,,,,,,,
5/19/2026,10:00:00 AM,LONG,T5,YES,-,20,Took Loss,,-$320.00,"$19,520.00",lossD,"-$1,280.00","$15,080.00",lossD,,,10,0,1,,,,,,,,,,,
5/19/2026,11:00:00 AM,SHORT,T6,YES,-,100,Took Profit,,$80.00,"$19,600.00",,$320.00,"$15,400.00",,,,11,1,0,,,,,,,,,,,
5/19/2026,11:00:00 AM,SHORT,T7,YES,20,60,Took Profit,recovery,$320.00,"$19,920.00",Drtc,"$1,280.00","$16,680.00",Drtc,,,11,2,0,,,,,,,,,,,
5/20/2026,9:00:00 AM,SHORT,T1,YES,-,100,Took Profit,,$80.00,"$20,000.00",,$320.00,"$17,000.00",,,,9,3,0,,,,,,,,,,,
5/20/2026,10:00:00 AM,LONG,T2,YES,20,340,Took Profit,,$80.00,"$20,080.00",,$320.00,"$17,320.00",,,,10,4,0,,,,,,,,,,,
5/20/2026,10:00:00 AM,SHORT,T3,YES,-,20,Took Loss,,-$320.00,"$19,760.00",lossE,"-$1,280.00","$16,040.00",lossE,,,10,0,1,,,,,,,,,,,
5/20/2026,1:00:00 PM,SHORT,T4,YES,-,60,Took Profit,,$80.00,"$19,840.00",,$320.00,"$16,360.00",,,,13,1,0,,,,,,,,,,,
5/20/2026,4:00:00 PM,SHORT,T5,YES,20,100,Took Profit,recovery,$320.00,"$20,160.00",Ertc,"$1,280.00","$17,640.00",Ertc,,,16,2,0,,,,,,,,,,,
5/21/2026,10:00:00 AM,SHORT,T1,YES,20,160,Took Profit,,$80.00,"$20,240.00",,$320.00,"$17,960.00",,,,10,3,0,,,,,,,,,,,
5/21/2026,10:00:00 AM,LONG,T2,YES,60,340,Took Profit,,$80.00,"$20,320.00",,$320.00,"$18,280.00",,,,10,4,0,,,,,,,,,,,
5/21/2026,10:00:00 AM,LONG,T3,YES,-,360,Took Profit,,$80.00,"$20,400.00",,$320.00,"$18,600.00",,,,10,5,0,,,,,,,,,,,
5/21/2026,11:00:00 AM,SHORT,T4,YES,20,60,Took Profit,,$80.00,"$20,480.00",,$320.00,"$18,920.00",,,,11,6,0,,,,,,,,,,,
5/21/2026,2:00:00 PM,LONG,T5,YES,20,140,Took Profit,,$80.00,"$20,560.00",,$320.00,"$19,240.00",,,,14,7,0,,,,,,,,,,,
5/21/2026,3:00:00 PM,SHORT,T6,YES,-,40,Took Profit,,$80.00,"$20,640.00",,$320.00,"$19,560.00",,,,15,8,0,,,,,,,,,,,
5/22/2026,8:00:00 AM,SHORT,T1,YES,-,80,Took Profit,,$80.00,"$20,720.00",,$320.00,"$19,880.00",,,,8,9,0,,,,,,,,,,,
5/22/2026,10:00:00 AM,SHORT,T2,YES,-,220,Took Profit,,$80.00,"$20,800.00",,$320.00,"$20,200.00",,,,10,10,0,,,,,,,,,,,
5/22/2026,3:00:00 PM,SHORT,T3,YES,120,100,Took Profit,,$80.00,"$20,880.00",,$320.00,"$20,520.00",,,,15,11,0,,,,,,,,,,,
5/27/2026,9:00:00 AM,LONG,T1,YES,-,-,Took Loss,,-$320.00,"$20,560.00",lossF,"-$2,560.00","$17,960.00",lossF,,,9,0,1,,,,,,,,,,,
5/27/2026,10:00:00 AM,LONG,T2,YES,-,120,Took Profit,,$80.00,"$20,640.00",,$320.00,"$18,280.00",,,,10,1,0,,,,,,,,,,,
5/27/2026,11:00:00 AM,LONG,T3,YES,-,200,Took Profit,recovery,$320.00,"$20,960.00",Frtc,"$1,280.00","$19,560.00",Frtc,,,11,2,0,,,,,,,,,,,
5/27/2026,12:00:00 PM,SHORT,T4,YES,20,120,Took Profit,,$80.00,"$21,040.00",,$320.00,"$19,880.00",,,,12,3,0,,,,,,,,,,,
5/27/2026,1:00:00 PM,LONG,T5,YES,-,220,Took Profit,,$80.00,"$21,120.00",,$320.00,"$20,200.00",,,,13,4,0,,,,,,,,,,,
5/28/2026,10:00:00 AM,SHORT,T1,YES,-,-,Took Loss,,-$320.00,"$20,800.00",lossG,"-$1,280.00","$18,920.00",lossG,,,10,0,1,,,,,,,,,,,
5/29/2026,9:00:00 AM,SHORT,T1,YES,140,100,Took Profit,,$80.00,"$20,880.00",,$320.00,"$19,240.00",,,,9,1,0,,,,,,,,,,,
5/29/2026,10:00:00 AM,LONG,T2,YES,40,120,Took Profit,recovery,$320.00,"$21,200.00",Grtc,"$1,280.00","$20,520.00",Grtc,,,10,2,0,,,,,,,,,,,
5/29/2026,11:00:00 AM,SHORT,T3,YES,-,120,Took Profit,,$80.00,"$21,280.00",,$640.00,"$21,160.00",,,,11,3,0,,,,,,,,,,,
5/29/2026,1:00:00 PM,LONG,T4,YES,20,120,Took Profit,,$80.00,"$21,360.00",,$640.00,"$21,800.00",,,,13,4,0,,,,,,,,,,,
5/29/2026,3:00:00 PM,SHORT,T5,YES,20,40,Took Profit,,$80.00,"$21,440.00",,$640.00,"$22,440.00",,,,15,5,0,,,,,,,,,,,
6/1/2026,9:00:00 AM,LONG,T1,YES,100,280,Took Profit,,$80.00,"$21,520.00",,$640.00,"$23,080.00",,,,9,6,0,,,,,,,,,,,
6/1/2026,9:00:00 AM,SHORT,T2,YES,-,160,Took Profit,,$80.00,"$21,600.00",,$640.00,"$23,720.00",,,,9,7,0,,,,,,,,,,,
6/1/2026,9:00:00 AM,LONG,T3,YES,40,340,Took Profit,,$80.00,"$21,680.00",,$640.00,"$24,360.00",,,,9,8,0,,,,,,,,,,,
6/1/2026,10:00:00 AM,SHORT,T4,YES,-,-,Took Loss,,-$320.00,"$21,360.00",lossH,"-$2,560.00","$21,800.00",lossH,,,10,0,1,,,,,,,,,,,
6/2/2026,9:00:00 AM,LONG,T1,YES,-,320,Took Profit,,$80.00,"$21,440.00",,$640.00,"$22,440.00",,,,9,1,0,,,,,,,,,,,
6/2/2026,9:00:00 AM,SHORT,T2,YES,-,20,Took Loss,recovery,"-$1,280.00","$20,160.00",lossi,"-$10,240.00","$12,200.00",lossi,,,9,0,1,,,,,,,,,,,
6/3/2026,9:00:00 AM,LONG,T1,YES,-,-,Took Loss,,-$320.00,"$19,840.00",lossj,"-$1,280.00","$10,920.00",lossj,,,9,0,2,,,,,,,,,,,
6/3/2026,10:00:00 AM,SHORT,T2,YES,40,200,Took Profit,recovery 2,"$1,600.00","$21,440.00",HIrtc,"$1,280.00","$12,200.00",HIrtc,,,10,1,0,,,,,,,,,,,
6/3/2026,11:00:00 AM,LONG,T3,YES,-,100,Took Profit,recovery,$320.00,"$21,760.00",Jrtc,"$1,280.00","$13,480.00",Jrtc,,,11,2,0,,,,,,,,,,,
6/3/2026,2:00:00 PM,SHORT,T4,YES,20,180,Took Profit,,$80.00,"$21,840.00",,$320.00,"$13,800.00",,,,14,3,0,,,,,,,,,,,
6/3/2026,4:00:00 PM,LONG,T5,YES,-,40,Took Profit,,$80.00,"$21,920.00",,$320.00,"$14,120.00",,,,16,4,0,,,,,,,,,,,
6/4/2026,10:00:00 AM,LONG,T1,YES,20,360,Took Profit,,$80.00,"$22,000.00",,$320.00,"$14,440.00",,,,10,5,0,,,,,,,,,,,
6/4/2026,10:00:00 AM,SHORT,T2,YES,-,200,Took Profit,,$80.00,"$22,080.00",,$320.00,"$14,760.00",,,,10,6,0,,,,,,,,,,,
6/4/2026,10:00:00 AM,LONG,T3,YES,40,360,Took Profit,,$80.00,"$22,160.00",,$320.00,"$15,080.00",,,,10,7,0,,,,,,,,,,,
6/4/2026,10:00:00 AM,SHORT,T4,YES,-,20,Took Loss,,-$320.00,"$21,840.00",lossK,"-$1,280.00","$13,800.00",lossK,,,10,0,1,,,,,,,,,,,
6/5/2026,10:00:00 AM,LONG,T1,YES,20,80,Took Profit,,$80.00,"$21,920.00",,$320.00,"$14,120.00",,,,10,1,0,,,,,,,,,,,
6/5/2026,3:00:00 PM,LONG,T2,YES,-,-,Took Loss,recovery,"-$1,280.00","$20,640.00",lossL,"-$5,120.00","$9,000.00",lossL,,,15,0,1,,,,,,,,,,,
6/8/2026,9:00:00 AM,SHORT,T1,YES,20,180,Took Profit,,$80.00,"$20,720.00",,$160.00,"$9,160.00",,,,9,1,0,,,,,,,,,,,
6/8/2026,9:00:00 AM,SHORT,T2,YES,-,200,Took Profit,recovery 2,"$1,600.00","$22,320.00",KLrtc,$640.00,"$9,800.00",Lrtc,,,9,2,0,,,,,,,,,,,
6/8/2026,9:00:00 AM,LONG,T3,YES,60,340,Took Profit,,$80.00,"$22,400.00",,$160.00,"$9,960.00",,,,9,3,0,,,,,,,,,,,
6/8/2026,10:00:00 AM,SHORT,T4,YES,-,-,Took Loss,,-$320.00,"$22,080.00",lossM,-$640.00,"$9,320.00",lossM,,,10,0,1,,,,,,,,,,,
6/8/2026,11:00:00 AM,SHORT,T5,YES,20,300,Took Profit,,$80.00,"$22,160.00",,$160.00,"$9,480.00",,,,11,1,0,,,,,,,,,,,
6/8/2026,12:00:00 PM,LONG,T6,YES,-,60,Took Profit,recovery,$320.00,"$22,480.00",Mrtc,$640.00,"$10,120.00",Mrtc,,,12,2,0,,,,,,,,,,,
6/8/2026,1:00:00 PM,LONG,T7,YES,-,80,Took Profit,,$80.00,"$22,560.00",,$160.00,"$10,280.00",,,,13,3,0,,,,,,,,,,,
6/9/2026,9:00:00 AM,SHORT,T1,YES,-,"1,480",Took Profit,,$80.00,"$22,640.00",,$320.00,"$10,600.00",,,,9,4,0,,,,,,,,,,,
6/9/2026,10:00:00 AM,LONG,T2,YES,-,60,Took Profit,,$80.00,"$22,720.00",,$320.00,"$10,920.00",,,,10,5,0,,,,,,,,,,,
6/9/2026,11:00:00 AM,SHORT,T3,YES,-,"1,060",Took Profit,,$80.00,"$22,800.00",,$320.00,"$11,240.00",,,,11,6,0,,,,,,,,,,,
6/9/2026,11:00:00 AM,LONG,T4,YES,-,-,Took Loss,,-$320.00,"$22,480.00",lossN,"-$1,280.00","$9,960.00",lossN,,,11,0,1,,,,,,,,,,,
6/9/2026,11:00:00 AM,LONG,T5,YES,-,-,Took Loss,,-$320.00,"$22,160.00",lossO,-$640.00,"$9,320.00",lossO,,,11,0,2,,,,,,,,,,,
6/9/2026,12:00:00 PM,LONG,T6,YES,-,860,Took Profit,recovery,$320.00,"$22,480.00",,$640.00,"$9,960.00",,,,12,1,0,,,,,,,,,,,
6/9/2026,12:00:00 PM,SHORT,T7,YES,-,-,Took Loss,recovery,"-$1,280.00","$21,200.00",lossP,"-$2,560.00","$7,400.00",lossP,,,12,0,1,,,,,,,,,,,
6/9/2026,1:00:00 PM,SHORT,T8,YES,-,20,Took Loss,,-$320.00,"$20,880.00",lossQ,-$640.00,"$6,760.00",lossQ,,,13,0,2,,,,,,,,,,,
6/9/2026,3:00:00 PM,LONG,T9,YES,100,240,Took Profit,recovery 2,"$1,600.00","$22,480.00",OPrtc,$640.00,"$7,400.00",Prtc,,,15,1,0,,,,,,,,,,,
6/9/2026,3:00:00 PM,LONG,T10,YES,-,320,Took Profit,recovery,$320.00,"$22,800.00",Qrtc,$640.00,"$8,040.00",,,,15,2,0,,,,,,,,,,,
6/10/2026,8:00:00 AM,SHORT,T1,YES,-,-,Took Loss,,-$320.00,"$22,480.00",lossR,-$640.00,"$7,400.00",lossR,,,8,0,1,,,,,,,,,,,
6/10/2026,8:00:00 AM,SHORT,T2,YES,80,120,Took Profit,,$80.00,"$22,560.00",,$160.00,"$7,560.00",,,,8,1,0,,,,,,,,,,,
6/10/2026,8:00:00 AM,SHORT,T3,YES,-,160,Took Profit,recovery,$320.00,"$22,880.00",,$640.00,"$8,200.00",,,,8,2,0,,,,,,,,,,,
6/10/2026,9:00:00 AM,LONG,T4,YES,40,420,Took Profit,,$80.00,"$22,960.00",,$160.00,"$8,360.00",,,,9,3,0,,,,,,,,,,,
6/10/2026,9:00:00 AM,SHORT,T5,YES,100,60,Took Profit,,$80.00,"$23,040.00",,$160.00,"$8,520.00",,,,9,4,0,,,,,,,,,,,
6/10/2026,9:00:00 AM,SHORT,T6,YES,-,-,Took Loss,,-$320.00,"$22,720.00",lossS,-$640.00,"$7,880.00",lossS,,,9,0,1,,,,,,,,,,,
6/10/2026,10:00:00 AM,SHORT,T7,YES,20,40,Took Profit,,$80.00,"$22,800.00",,$160.00,"$8,040.00",,,,10,1,0,,,,,,,,,,,
6/10/2026,10:00:00 AM,SHORT,T8,YES,60,760,Took Profit,recovery,$320.00,"$23,120.00",,$640.00,"$8,680.00",,,,10,2,0,,,,,,,,,,,
6/10/2026,10:00:00 AM,LONG,T9,YES,40,40,Took Profit,,$80.00,"$23,200.00",,$160.00,"$8,840.00",,,,10,3,0,,,,,,,,,,,
6/10/2026,11:00:00 AM,LONG,T10,YES,-,-,Took Loss,,-$320.00,"$22,880.00",lossT,-$640.00,"$8,200.00",lossT,,,11,0,1,,,,,,,,,,,
6/10/2026,11:00:00 AM,LONG,T11,YES,-,120,Took Profit,,$80.00,"$22,960.00",,$160.00,"$8,360.00",,,,11,1,0,,,,,,,,,,,
6/10/2026,11:00:00 AM,SHORT,T12,YES,-,440,Took Profit,recovery,$320.00,"$23,280.00",Trtc,$640.00,"$9,000.00",Trtc,,,11,2,0,,,,,,,,,,,
6/10/2026,11:00:00 AM,LONG,T13,YES,100,140,Took Profit,,$80.00,"$23,360.00",,$160.00,"$9,160.00",,,,11,3,0,,,,,,,,,,,
6/10/2026,11:00:00 AM,SHORT,T14,YES,20,380,Took Profit,,$80.00,"$23,440.00",,$160.00,"$9,320.00",,,,11,4,0,,,,,,,,,,,
6/10/2026,12:00:00 PM,LONG,T15,YES,20,100,Took Profit,,$80.00,"$23,520.00",,$160.00,"$9,480.00",,,,12,5,0,,,,,,,,,,,
6/10/2026,12:00:00 PM,SHORT,T16,YES,-,420,Took Profit,,$80.00,"$23,600.00",,$160.00,"$9,640.00",,,,12,6,0,,,,,,,,,,,
6/10/2026,12:00:00 PM,LONG,T17,YES,40,100,Took Profit,,$80.00,"$23,680.00",,$160.00,"$9,800.00",,,,12,7,0,,,,,,,,,,,
6/10/2026,1:00:00 PM,LONG,T18,YES,-,120,Took Profit,,$80.00,"$23,760.00",,$160.00,"$9,960.00",,,,13,8,0,,,,,,,,,,,
6/10/2026,1:00:00 PM,SHORT,T19,YES,20,340,Took Profit,,$80.00,"$23,840.00",,$160.00,"$10,120.00",,,,13,9,0,,,,,,,,,,,
6/10/2026,2:00:00 PM,LONG,T20,YES,-,40,Took Profit,,$80.00,"$23,920.00",,$160.00,"$10,280.00",,,,14,10,0,,,,,,,,,,,
6/10/2026,3:00:00 PM,LONG,T21,YES,20,80,Took Profit,,$80.00,"$24,000.00",,$320.00,"$10,600.00",,,,15,11,0,,,,,,,,,,,
6/11/2026,8:00:00 AM,LONG,T1,YES,-,820,Took Profit,,$80.00,"$24,080.00",,$320.00,"$10,920.00",,,,8,12,0,,,,,,,,,,,
6/11/2026,8:00:00 AM,LONG,T2,YES,80,820,Took Profit,,$80.00,"$24,160.00",,$320.00,"$11,240.00",,,,8,13,0,,,,,,,,,,,
6/11/2026,8:00:00 AM,SHORT,T3,YES,20,140,Took Profit,,$80.00,"$24,240.00",,$320.00,"$11,560.00",,,,8,14,0,,,,,,,,,,,
6/11/2026,9:00:00 AM,LONG,T4,YES,-,860,Took Profit,,$80.00,"$24,320.00",,$320.00,"$11,880.00",,,,9,15,0,,,,,,,,,,,
6/11/2026,9:00:00 AM,LONG,T5,YES,-,880,Took Profit,,$80.00,"$24,400.00",,$320.00,"$12,200.00",,,,9,16,0,,,,,,,,,,,
6/11/2026,9:00:00 AM,SHORT,T6,YES,-,-,Took Loss,,-$320.00,"$24,080.00",lossU,"-$1,280.00","$10,920.00",lossU,,,9,0,1,,,,,,,,,,,
6/11/2026,10:00:00 AM,LONG,T7,YES,-,100,Took Profit,,$80.00,"$24,160.00",,$320.00,"$11,240.00",,,,10,1,0,,,,,,,,,,,
6/11/2026,10:00:00 AM,SHORT,T8,YES,-,340,Took Profit,recovery,$320.00,"$24,480.00",Urtc,"$1,280.00","$12,520.00",Urtc,,,10,2,0,,,,,,,,,,,
6/11/2026,10:00:00 AM,LONG,T9,YES,-,140,Took Profit,,$80.00,"$24,560.00",,$320.00,"$12,840.00",,,,10,3,0,,,,,,,,,,,
6/11/2026,10:00:00 AM,LONG,T10,YES,-,140,Took Profit,,$80.00,"$24,640.00",,$320.00,"$13,160.00",,,,10,4,0,,,,,,,,,,,
6/11/2026,10:00:00 AM,SHORT,T11,YES,40,322,Took Profit,,$80.00,"$24,720.00",,$320.00,"$13,480.00",,,,10,5,0,,,,,,,,,,,
6/11/2026,10:00:00 AM,LONG,T12,YES,-,20,Took Loss,,-$320.00,"$24,400.00",lossV,"-$1,280.00","$12,200.00",lossV,,,10,0,1,,,,,,,,,,,
6/11/2026,11:00:00 AM,SHORT,T13,YES,20,40,Took Profit,,$80.00,"$24,480.00",,$320.00,"$12,520.00",,,,11,1,0,,,,,,,,,,,
6/11/2026,12:00:00 PM,SHORT,T14,YES,20,200,Took Profit,recovery,$320.00,"$24,800.00",Vrtc,"$1,280.00","$13,800.00",Vrtc,,,12,2,0,,,,,,,,,,,
6/11/2026,12:00:00 PM,SHORT,T15,YES,20,260,Took Profit,,$80.00,"$24,880.00",,$320.00,"$14,120.00",,,,12,3,0,,,,,,,,,,,
6/11/2026,1:00:00 PM,LONG,T16,YES,140,720,Took Profit,,$80.00,"$24,960.00",,$320.00,"$14,440.00",,,,13,4,0,,,,,,,,,,,
6/11/2026,1:00:00 PM,SHORT,T17,YES,-,-,Took Loss,,-$320.00,"$24,640.00",lossW,"-$1,280.00","$13,160.00",lossW,,,13,0,1,,,,,,,,,,,
6/11/2026,2:00:00 PM,LONG,T18,YES,40,420,Took Profit,,$80.00,"$24,720.00",,$320.00,"$13,480.00",,,,14,1,0,,,,,,,,,,,
6/11/2026,2:00:00 PM,SHORT,T19,YES,40,60,Took Profit,recovery,$320.00,"$25,040.00",Wrtc,"$1,280.00","$14,760.00",Wrtc,,,14,2,0,,,,,,,,,,,
6/12/2026,8:00:00 AM,LONG,T1,YES,-,-,Took Loss,,-$320.00,"$24,720.00",lossX,"-$1,280.00","$13,480.00",lossX,,,8,0,1,,,,,,,,,,,
6/12/2026,9:00:00 AM,LONG,T2,YES,40,380,Took Profit,,$80.00,"$24,800.00",,$320.00,"$13,800.00",,,,9,1,0,,,,,,,,,,,
6/12/2026,9:00:00 AM,SHORT,T3,YES,-,60,Took Profit,recovery,$320.00,"$25,120.00",Xrtc,"$1,280.00","$15,080.00",Xrtc,,,9,2,0,,,,,,,,,,,
6/12/2026,10:00:00 AM,SHORT,T4,YES,-,240,Took Profit,,$80.00,"$25,200.00",,$320.00,"$15,400.00",,,,10,3,0,,,,,,,,,,,
6/12/2026,10:00:00 AM,LONG,T5,YES,80,300,Took Profit,,$80.00,"$25,280.00",,$320.00,"$15,720.00",,,,10,4,0,,,,,,,,,,,
6/12/2026,10:00:00 AM,SHORT,T6,YES,-,-,Took Loss,,-$320.00,"$24,960.00",lossY,"-$1,280.00","$14,440.00",lossY,,,10,0,1,,,,,,,,,,,
6/12/2026,11:00:00 AM,LONG,T7,YES,-,180,Took Profit,,$80.00,"$25,040.00",,$320.00,"$14,760.00",,,,11,1,0,,,,,,,,,,,
6/12/2026,12:00:00 PM,SHORT,T8,YES,-,20,Took Loss,recovery,"-$1,280.00","$23,760.00",lossZ,"-$5,120.00","$9,640.00",lossZ,,,12,0,1,,,,,,,,,,,
6/12/2026,3:00:00 PM,SHORT,T9,YES,-,100,Took Profit,,$80.00,"$23,840.00",,$160.00,"$9,800.00",,,,15,1,0,,,,,,,,,,,
6/12/2026,3:00:00 PM,LONG,T10,YES,-,120,Took Profit,recovery 2,"$1,600.00","$25,440.00",YZrtc,$640.00,"$10,440.00",YZrtc,,,15,2,0,,,,,,,,,,,
6/16/2026,9:00:00 AM,LONG,T1,YES,20,100,Took Profit,,$80.00,"$25,520.00",,$320.00,"$10,760.00",,,,9,3,0,,,,,,,,,,,
6/16/2026,9:00:00 AM,SHORT,T2,YES,-,600,Took Profit,,$80.00,"$25,600.00",,$320.00,"$11,080.00",,,,9,4,0,,,,,,,,,,,
6/16/2026,10:00:00 AM,LONG,T3,YES,-,-,Took Loss,,-$640.00,"$24,960.00",lossA,"-$1,280.00","$9,800.00",lossA,,,10,0,1,,,,,,,,,,,
6/17/2026,9:00:00 AM,SHORT,T1,YES,-,580,Took Profit,,$80.00,"$25,040.00",,$160.00,"$9,960.00",,,,9,1,0,,,,,,,,,,,
6/17/2026,9:00:00 AM,LONG,T2,YES,-,120,Took Profit,recovery,$320.00,"$25,360.00",Artc,$640.00,"$10,600.00",Artc,,,9,2,0,,,,,,,,,,,
6/17/2026,9:00:00 AM,LONG,T3,YES,100,120,Took Profit,,$80.00,"$25,440.00",,$320.00,"$10,920.00",,,,9,3,0,,,,,,,,,,,
6/17/2026,10:00:00 AM,SHORT,T4,YES,60,540,Took Profit,,$80.00,"$25,520.00",,$320.00,"$11,240.00",,,,10,4,0,,,,,,,,,,,
6/17/2026,10:00:00 AM,LONG,T5,YES,-,120,Took Profit,,$80.00,"$25,600.00",,$320.00,"$11,560.00",,,,10,5,0,,,,,,,,,,,
6/17/2026,10:00:00 AM,LONG,T6,YES,60,140,Took Profit,,$160.00,"$25,760.00",,$320.00,"$11,880.00",,,,10,6,0,,,,,,,,,,,
6/17/2026,11:00:00 AM,LONG,T7,YES,-,140,Took Profit,,$160.00,"$25,920.00",,$320.00,"$12,200.00",,,,11,7,0,,,,,,,,,,,
6/17/2026,11:00:00 AM,SHORT,T8,YES,-,520,Took Profit,,$160.00,"$26,080.00",,$320.00,"$12,520.00",,,,11,8,0,,,,,,,,,,,
6/17/2026,1:00:00 PM,SHORT,T9,YES,40,520,Took Profit,,$160.00,"$26,240.00",,$320.00,"$12,840.00",,,,13,9,0,,,,,,,,,,,
6/17/2026,2:00:00 PM,LONG,T10,YES,-,40,Took Profit,,$160.00,"$26,400.00",,$320.00,"$13,160.00",,,,14,10,0,,,,,,,,,,,
6/17/2026,2:00:00 PM,SHORT,T11,YES,20,120,Took Profit,,$160.00,"$26,560.00",,$320.00,"$13,480.00",,,,14,11,0,,,,,,,,,,,
6/17/2026,2:00:00 PM,LONG,T12,YES,20,300,Took Profit,,$160.00,"$26,720.00",,$320.00,"$13,800.00",,,,14,12,0,,,,,,,,,,,
6/17/2026,2:00:00 PM,LONG,T13,YES,-,100,Took Profit,,$160.00,"$26,880.00",,$320.00,"$14,120.00",,,,14,13,0,,,,,,,,,,,
6/17/2026,2:00:00 PM,SHORT,T14,YES,-,100,Took Profit,,$160.00,"$27,040.00",,$320.00,"$14,440.00",,,,14,14,0,,,,,,,,,,,
6/17/2026,2:00:00 PM,SHORT,T15,YES,20,100,Took Profit,,$160.00,"$27,200.00",,$320.00,"$14,760.00",,,,14,15,0,,,,,,,,,,,
6/17/2026,2:00:00 PM,LONG,T16,YES,-,300,Took Profit,,$160.00,"$27,360.00",,$320.00,"$15,080.00",,,,14,16,0,,,,,,,,,,,
6/17/2026,2:00:00 PM,SHORT,T17,YES,-,-,Took Loss,,-$640.00,"$26,720.00",lossB,"-$1,280.00","$13,800.00",lossB,,,14,0,1,,,,,,,,,,,
6/17/2026,2:00:00 PM,LONG,T18,YES,100,40,Took Profit,,$160.00,"$26,880.00",,$320.00,"$14,120.00",,,,14,1,0,,,,,,,,,,,
6/17/2026,3:00:00 PM,LONG,T19,YES,-,180,Took Profit,recovery,$640.00,"$27,520.00",Brtc,"$1,280.00","$15,400.00",Brtc,,,15,2,0,,,,,,,,,,,
6/18/2026,8:00:00 AM,SHORT,T1,YES,-,-,Took Loss,,-$640.00,"$26,880.00",lossC,"-$1,280.00","$14,120.00",lossC,,,8,0,1,,,,,,,,,,,
6/18/2026,9:00:00 AM,SHORT,T2,YES,-,100,Took Profit,,$160.00,"$27,040.00",,$320.00,"$14,440.00",,,,9,1,0,,,,,,,,,,,
6/18/2026,10:00:00 AM,SHORT,T3,YES,20,40,Took Profit,recovery,$640.00,"$27,680.00",crtc,"$1,280.00","$15,720.00",crtc,,,10,2,0,,,,,,,,,,,
6/18/2026,10:00:00 AM,SHORT,T4,YES,120,80,Took Profit,,$160.00,"$27,840.00",,$320.00,"$16,040.00",,,,10,3,0,,,,,,,,,,,
6/18/2026,11:00:00 AM,LONG,T5,YES,80,280,Took Profit,,$160.00,"$28,000.00",,$320.00,"$16,360.00",,,,11,4,0,,,,,,,,,,,
6/18/2026,11:00:00 AM,SHORT,T6,YES,-,-,Took Loss,,-$640.00,"$27,360.00",lossD,"-$1,280.00","$15,080.00",lossD,,,11,0,1,,,,,,,,,,,
6/22/2026,9:00:00 AM,SHORT,T1,YES,60,340,Took Profit,,$160.00,"$27,520.00",,$320.00,"$15,400.00",,,,9,1,0,,,,,,,,,,,
6/22/2026,9:00:00 AM,SHORT,T2,YES,80,360,Took Profit,recovery,$640.00,"$28,160.00",Drtc,"$1,280.00","$16,680.00",Drtc,,,9,2,0,,,,,,,,,,,
6/22/2026,10:00:00 AM,LONG,T3,YES,-,-,Took Loss,,-$640.00,"$27,520.00",lossE,"-$1,280.00","$15,400.00",lossE,,,10,0,1,,,,,,,,,,,
6/22/2026,11:00:00 AM,LONG,T4,YES,60,80,Took Profit,,$160.00,"$27,680.00",,$320.00,"$15,720.00",,,,11,1,0,,,,,,,,,,,
6/22/2026,2:00:00 PM,SHORT,T5,YES,-,120,Took Profit,recovery,$640.00,"$28,320.00",Ertc,"$1,280.00","$17,000.00",Ertc,,,14,2,0,,,,,,,,,,,
6/22/2026,3:00:00 PM,LONG,T6,YES,-,120,Took Profit,,$160.00,"$28,480.00",,$320.00,"$17,320.00",,,,15,3,0,,,,,,,,,,,
6/23/2026,8:00:00 AM,LONG,T1,YES,-,-,Took Loss,,-$640.00,"$27,840.00",lossF,"-$1,280.00","$16,040.00",lossF,,,8,0,1,,,,,,,,,,,
6/23/2026,9:00:00 AM,LONG,T2,YES,20,340,Took Profit,,$160.00,"$28,000.00",,$320.00,"$16,360.00",,,,9,1,0,,,,,,,,,,,
6/23/2026,9:00:00 AM,SHORT,T3,YES,-,-,Took Loss,recovery,"-$2,560.00","$25,440.00",lossG,"-$5,120.00","$11,240.00",lossG,,,9,0,1,,,,,,,,,,,
6/23/2026,10:00:00 AM,SHORT,T4,YES,-,420,Took Profit,,$160.00,"$25,600.00",,$320.00,"$11,560.00",,,,10,1,0,,,,,,,,,,,
6/23/2026,10:00:00 AM,LONG,T5,YES,20,60,Took Profit,recovery 2,"$3,200.00","$28,800.00",FGrtc,"$1,280.00","$12,840.00",Frtc,,,10,2,0,,,,,,,,,,,
6/23/2026,12:00:00 PM,SHORT,T6,YES,-,300,Took Profit,,$160.00,"$28,960.00",,$320.00,"$13,160.00",,,,12,3,0,,,,,,,,,,,
6/23/2026,1:00:00 PM,LONG,T7,YES,-,80,Took Profit,,$160.00,"$29,120.00",,$320.00,"$13,480.00",,,,13,4,0,,,,,,,,,,,
6/23/2026,1:00:00 PM,LONG,T8,YES,-,-,Took Loss,,-$640.00,"$28,480.00",lossH,"-$1,280.00","$12,200.00",lossH,,,13,0,1,,,,,,,,,,,
6/23/2026,4:00:00 PM,LONG,T9,YES,-,100,Took Profit,,$160.00,"$28,640.00",,$320.00,"$12,520.00",,,,16,1,0,,,,,,,,,,,
6/24/2026,9:00:00 AM,LONG,T1,YES,100,100,Took Profit,recovery,$640.00,"$29,280.00",Hrtc,"$1,280.00","$13,800.00",Hrtc,,,9,2,0,,,,,,,,,,,
6/24/2026,9:00:00 AM,SHORT,T2,YES,40,520,Took Profit,,$160.00,"$29,440.00",,$320.00,"$14,120.00",,,,9,3,0,,,,,,,,,,,
6/24/2026,9:00:00 AM,LONG,T3,YES,100,220,Took Profit,,$160.00,"$29,600.00",,$320.00,"$14,440.00",,,,9,4,0,,,,,,,,,,,
6/24/2026,9:00:00 AM,SHORT,T4,YES,20,480,Took Profit,,$160.00,"$29,760.00",,$320.00,"$14,760.00",,,,9,5,0,,,,,,,,,,,
6/24/2026,10:00:00 AM,LONG,T5,YES,20,240,Took Profit,,$160.00,"$29,920.00",,$320.00,"$15,080.00",,,,10,6,0,,,,,,,,,,,
6/24/2026,10:00:00 AM,LONG,T6,YES,100,260,Took Profit,,$160.00,"$30,080.00",,$320.00,"$15,400.00",,,,10,7,0,,,,,,,,,,,
6/24/2026,10:00:00 AM,SHORT,T7,YES,-,-,Took Loss,,-$640.00,"$29,440.00",lossi,"-$1,280.00","$14,120.00",lossi,,,10,0,1,,,,,,,,,,,
6/24/2026,11:00:00 AM,LONG,T8,YES,20,80,Took Profit,,$160.00,"$29,600.00",,$320.00,"$14,440.00",,,,11,1,0,,,,,,,,,,,
6/24/2026,2:00:00 PM,SHORT,T9,YES,-,280,Took Profit,recovery,$640.00,"$30,240.00",irtc,"$1,280.00","$15,720.00",irtc,,,14,2,0,,,,,,,,,,,
6/24/2026,2:00:00 PM,LONG,T10,YES,140,720,Took Profit,,$160.00,"$30,400.00",,$320.00,"$16,040.00",,,,14,3,0,,,,,,,,,,,
6/24/2026,3:00:00 PM,SHORT,T11,YES,-,20,Took Loss,,-$640.00,"$29,760.00",lossJ,"-$1,280.00","$14,760.00",lossJ,,,15,0,1,,,,,,,,,,,
6/25/2026,9:00:00 AM,LONG,T1,YES,-,-,Took Loss,,-$640.00,"$29,120.00",lossK,"-$1,280.00","$13,480.00",lossK,,,9,0,2,,,,,,,,,,,
6/25/2026,10:00:00 AM,SHORT,T2,YES,20,40,Took Profit,recovery,$640.00,"$29,760.00",jrtc,"$1,280.00","$14,760.00",jrtc,,,10,1,0,,,,,,,,,,,
6/25/2026,10:00:00 AM,LONG,T3,YES,-,420,Took Profit,recovery,$640.00,"$30,400.00",krtc,"$1,280.00","$16,040.00",krtc,,,10,2,0,,,,,,,,,,,
6/25/2026,10:00:00 AM,SHORT,T4,YES,40,160,Took Profit,,$160.00,"$30,560.00",,$320.00,"$16,360.00",,,,10,3,0,,,,,,,,,,,
6/25/2026,10:00:00 AM,SHORT,T5,YES,-,140,Took Profit,,$160.00,"$30,720.00",,$320.00,"$16,680.00",,,,10,4,0,,,,,,,,,,,
6/25/2026,10:00:00 AM,SHORT,T6,YES,60,220,Took Profit,,$160.00,"$30,880.00",,$320.00,"$17,000.00",,,,10,5,0,,,,,,,,,,,
6/25/2026,11:00:00 AM,SHORT,T7,YES,20,240,Took Profit,,$160.00,"$31,040.00",,$320.00,"$17,320.00",,,,11,6,0,,,,,,,,,,,
6/25/2026,11:00:00 AM,LONG,T8,YES,120,300,Took Profit,,$160.00,"$31,200.00",,$320.00,"$17,640.00",,,,11,7,0,,,,,,,,,,,
6/25/2026,11:00:00 AM,SHORT,T9,YES,20,40,Took Profit,,$160.00,"$31,360.00",,$320.00,"$17,960.00",,,,11,8,0,,,,,,,,,,,
6/25/2026,12:00:00 PM,LONG,T10,YES,60,240,Took Profit,,$160.00,"$31,520.00",,$320.00,"$18,280.00",,,,12,9,0,,,,,,,,,,,
6/25/2026,1:00:00 PM,SHORT,T11,YES,40,140,Took Profit,,$160.00,"$31,680.00",,$320.00,"$18,600.00",,,,13,10,0,,,,,,,,,,,
6/25/2026,1:00:00 PM,SHORT,T12,YES,-,140,Took Profit,,$160.00,"$31,840.00",,$320.00,"$18,920.00",,,,13,11,0,,,,,,,,,,,
6/25/2026,1:00:00 PM,SHORT,T13,YES,20,160,Took Profit,,$160.00,"$32,000.00",,$320.00,"$19,240.00",,,,13,12,0,,,,,,,,,,,
6/25/2026,2:00:00 PM,LONG,T14,YES,-,220,Took Profit,,$160.00,"$32,160.00",,$320.00,"$19,560.00",,,,14,13,0,,,,,,,,,,,
6/25/2026,2:00:00 PM,SHORT,T15,YES,-,180,Took Profit,,$160.00,"$32,320.00",,$320.00,"$19,880.00",,,,14,14,0,,,,,,,,,,,
6/25/2026,2:00:00 PM,LONG,T16,YES,-,180,Took Profit,,$160.00,"$32,480.00",,$320.00,"$20,200.00",,,,14,15,0,,,,,,,,,,,
6/26/2026,9:00:00 AM,LONG,T1,YES,100,400,Took Profit,,$160.00,"$32,640.00",,$320.00,"$20,520.00",,,,9,16,0,,,,,,,,,,,
6/26/2026,9:00:00 AM,LONG,T2,YES,40,440,Took Profit,,$160.00,"$32,800.00",,$640.00,"$21,160.00",,,,9,17,0,,,,,,,,,,,
6/26/2026,9:00:00 AM,SHORT,T3,YES,-,120,Took Profit,,$160.00,"$32,960.00",,$640.00,"$21,800.00",,,,9,18,0,,,,,,,,,,,
6/26/2026,9:00:00 AM,LONG,T4,YES,-,460,Took Profit,,$160.00,"$33,120.00",,$640.00,"$22,440.00",,,,9,19,0,,,,,,,,,,,
6/26/2026,9:00:00 AM,SHORT,T5,YES,-,-,Took Loss,,-$640.00,"$32,480.00",,"-$2,560.00","$19,880.00",,,,9,0,1,,,,,,,,,,,
6/26/2026,10:00:00 AM,LONG,T6,YES,-,240,Took Profit,,$160.00,"$32,640.00",,$320.00,"$20,200.00",,,,10,1,0,,,,,,,,,,,
6/26/2026,11:00:00 AM,LONG,T7,YES,40,240,Took Profit,recovery,$640.00,"$33,280.00",,"$1,280.00","$21,480.00",,,,11,2,0,,,,,,,,,,,
6/26/2026,11:00:00 AM,SHORT,T8,YES,140,300,Took Profit,,$160.00,"$33,440.00",,$640.00,"$22,120.00",,,,11,3,0,,,,,,,,,,,
6/26/2026,11:00:00 AM,SHORT,T9,YES,-,380,Took Profit,,$160.00,"$33,600.00",,$640.00,"$22,760.00",,,,11,4,0,,,,,,,,,,,
6/26/2026,12:00:00 PM,LONG,T10,YES,-,180,Took Profit,,$160.00,"$33,760.00",,$640.00,"$23,400.00",,,,12,5,0,,,,,,,,,,,
6/26/2026,12:00:00 PM,SHORT,T11,YES,80,360,Took Profit,,$160.00,"$33,920.00",,$640.00,"$24,040.00",,,,12,6,0,,,,,,,,,,,
6/26/2026,1:00:00 PM,LONG,T12,YES,-,40,Took Profit,,$160.00,"$34,080.00",,$640.00,"$24,680.00",,,,13,7,0,,,,,,,,,,,
6/26/2026,3:00:00 PM,LONG,T13,YES,-,-,Took Loss,,-$640.00,"$33,440.00",,"-$2,560.00","$22,120.00",,,,15,0,1,,,,,,,,,,,
,,,,,,,,,,"$33,440.00",,,"$22,120.00",,,,0,0,0,,,,,,,,,,,
,,,,,,,,rec,,"$33,440.00",,,"$22,120.00",,,,0,0,0,,,,,,,,,,,
,,,,,,,,,,"$33,440.00",,,"$22,120.00",,,,0,0,0,,,,,,,,,,,
,,,,,,,,,,"$33,440.00",,,"$22,120.00",,,,0,0,0,,,,,,,,,,,
,,,,,,,,,,"$33,440.00",,,"$22,120.00",,,,0,0,0,,,,,,,,,,,
,,,,,,,,,,"$33,440.00",,,"$22,120.00",,,,0,0,0,,,,,,,,,,,
,,,,,,,,,,"$33,440.00",,,"$22,120.00",,,,0,0,0,,,,,,,,,,,
,,,,,,,,,,"$33,440.00",,,"$22,120.00",,,,0,0,0,,,,,,,,,,,
,,,,,,,,,,"$33,440.00",,,"$22,120.00",,,,0,0,0,,,,,,,,,,,
,,,,,,,,,,"$33,440.00",,,"$22,120.00",,,,0,0,0,,,,,,,,,,,
,,,,,,,,,,"$33,440.00",,,"$22,120.00",,,,0,0,0,,,,,,,,,,,
,,,,,,,,,,"$33,440.00",,,"$22,120.00",,,,0,0,0,,,,,,,,,,,
,,,,,,,,,,"$33,440.00",,,"$22,120.00",,,,0,0,0,,,,,,,,,,,
,,,,,,,,,,"$33,440.00",,,"$22,120.00",,,,0,0,0,,,,,,,,,,,
,,,,,,,,,,"$33,440.00",,,"$22,120.00",,,,0,0,0,,,,,,,,,,,
,,,,,,,,,,"$33,440.00",,,"$22,120.00",,,,0,0,0,,,,,,,,,,,
,,,,,,,,,,"$33,440.00",,,"$22,120.00",,,,0,0,0,,,,,,,,,,,
,,,,,,,,,,"$33,440.00",,,"$22,120.00",,,,0,0,0,,,,,,,,,,,
,,,,,,,,,,"$33,440.00",,,"$22,120.00",,,,0,0,0,,,,,,,,,,,
,,,,,,,,,,"$33,440.00",,,"$22,120.00",,,,0,0,0,,,,,,,,,,,
,,,,,,,,,,"$33,440.00",,,"$22,120.00",,,,0,0,0,,,,,,,,,,,
,,,,,,,,,,"$33,440.00",,,"$22,120.00",,,,0,0,0,,,,,,,,,,,
,,,,,,,,,,"$33,440.00",,,"$22,120.00",,,,0,0,0,,,,,,,,,,,
,,,,,,,,,,"$33,440.00",,,"$22,120.00",,,,0,0,0,,,,,,,,,,,
,,,,,,,,,,"$33,440.00",,,"$22,120.00",,,,0,0,0,,,,,,,,,,,
,,,,,,,,,,"$33,440.00",,,"$22,120.00",,,,0,0,0,,,,,,,,,,,
,,,,,,,,,,"$33,440.00",,,"$22,120.00",,,,0,0,0,,,,,,,,,,,
,,,,,,,,,,"$33,440.00",,,"$22,120.00",,,,0,0,0,,,,,,,,,,,
,,,,,,,,,,"$33,440.00",,,"$22,120.00",,,,0,0,0,,,,,,,,,,,
,,,,,,,,,,"$33,440.00",,,"$22,120.00",,,,0,0,0,,,,,,,,,,,
,,,,,,,,,,"$33,440.00",,,"$22,120.00",,,,0,0,0,,,,,,,,,,,
,,,,,,,,,,"$33,440.00",,,"$22,120.00",,,,0,0,0,,,,,,,,,,,
,,,,,,,,,,"$33,440.00",,,"$22,120.00",,,,0,0,0,,,,,,,,,,,
,,,,,,,,,,"$33,440.00",,,"$22,120.00",,,,0,0,0,,,,,,,,,,,
,,,,,,,,,,"$33,440.00",,,"$22,120.00",,,,0,0,0,,,,,,,,,,,
,,,,,,,,,,"$33,440.00",,,"$22,120.00",,,,0,0,0,,,,,,,,,,,
,,,,,,,,,,"$33,440.00",,,"$22,120.00",,,,0,0,0,,,,,,,,,,,
,,,,,,,,,,"$33,440.00",,,"$22,120.00",,,,0,0,0,,,,,,,,,,,
,,,,,,,,,,"$33,440.00",,,"$22,120.00",,,,0,0,0,,,,,,,,,,,
,,,,,,,,,,"$33,440.00",,,"$22,120.00",,,,0,0,0,,,,,,,,,,,
,,,,,,,,,,"$33,440.00",,,"$22,120.00",,,,0,0,0,,,,,,,,,,,
,,,,,,,,,,"$33,440.00",,,"$22,120.00",,,,0,0,0,,,,,,,,,,,
,,,,,,,,,,"$33,440.00",,,"$22,120.00",,,,0,0,0,,,,,,,,,,,
,,,,,,,,,,"$33,440.00",,,"$22,120.00",,,,0,0,0,,,,,,,,,,,
,,,,,,,,,,"$33,440.00",,,"$22,120.00",,,,0,0,0,,,,,,,,,,,
,,,,,,,,,,"$33,440.00",,,"$22,120.00",,,,0,0,0,,,,,,,,,,,
,,,,,,,,,,"$33,440.00",,,"$22,120.00",,,,0,0,0,,,,,,,,,,,
,,,,,,,,,,"$33,440.00",,,"$22,120.00",,,,0,0,0,,,,,,,,,,,
,,,,,,,,,,"$33,440.00",,,"$22,120.00",,,,0,0,0,,,,,,,,,,,
,,,,,,,,,,"$33,440.00",,,"$22,120.00",,,,0,0,0,,,,,,,,,,,
,,,,,,,,,,"$33,440.00",,,"$22,120.00",,,,0,0,0,,,,,,,,,,,
,,,,,,,,,,"$33,440.00",,,"$22,120.00",,,,0,0,0,,,,,,,,,,,
,,,,,,,,,,"$33,440.00",,,"$22,120.00",,,,0,0,0,,,,,,,,,,,
,,,,,,,,,,"$33,440.00",,,"$22,120.00",,,,0,0,0,,,,,,,,,,,
,,,,,,,,,,"$33,440.00",,,"$22,120.00",,,,0,0,0,,,,,,,,,,,
,,,,,,,,,,"$33,440.00",,,"$22,120.00",,,,0,0,0,,,,,,,,,,,
,,,,,,,,,,"$33,440.00",,,"$22,120.00",,,,0,0,0,,,,,,,,,,,
,,,,,,,,,,"$33,440.00",,,"$22,120.00",,,,0,0,0,,,,,,,,,,,
,,,,,,,,,,"$33,440.00",,,"$22,120.00",,,,0,0,0,,,,,,,,,,,
,,,,,,,,,,"$33,440.00",,,"$22,120.00",,,,0,0,0,,,,,,,,,,,
,,,,,,,,,,"$33,440.00",,,"$22,120.00",,,,0,0,0,,,,,,,,,,,
,,,,,,,,,,"$33,440.00",,,"$22,120.00",,,,0,0,0,,,,,,,,,,,
,,,,,,,,,,"$33,440.00",,,"$22,120.00",,,,0,0,0,,,,,,,,,,,
,,,,,,,,,,"$33,440.00",,,"$22,120.00",,,,0,0,0,,,,,,,,,,,
,,,,,,,,,,"$33,440.00",,,"$22,120.00",,,,0,0,0,,,,,,,,,,,
,,,,,,,,,,"$33,440.00",,,"$22,120.00",,,,0,0,0,,,,,,,,,,,
,,,,,,,,,,"$33,440.00",,,"$22,120.00",,,,0,0,0,,,,,,,,,,,
,,,,,,,,,,"$33,440.00",,,"$22,120.00",,,,0,0,0,,,,,,,,,,,
,,,,,,,,,,"$33,440.00",,,"$22,120.00",,,,0,0,0,,,,,,,,,,,
,,,,,,,,,,"$33,440.00",,,"$22,120.00",,,,0,0,0,,,,,,,,,,,
,,,,,,,,,,"$33,440.00",,,"$22,120.00",,,,0,0,0,,,,,,,,,,,
,,,,,,,,,,"$33,440.00",,,"$22,120.00",,,,0,0,0,,,,,,,,,,,
,,,,,,,,,,"$33,440.00",,,"$22,120.00",,,,0,0,0,,,,,,,,,,,
,,,,,,,,,,"$33,440.00",,,"$22,120.00",,,,0,0,0,,,,,,,,,,,
,,,,,,,,,,"$33,440.00",,,"$22,120.00",,,,0,0,0,,,,,,,,,,,
,,,,,,,,,,"$33,440.00",,,"$22,120.00",,,,0,0,0,,,,,,,,,,,
,,,,,,,,,,"$33,440.00",,,"$22,120.00",,,,0,0,0,,,,,,,,,,,
,,,,,,,,,,"$33,440.00",,,"$22,120.00",,,,0,0,0,,,,,,,,,,,
,,,,,,,,,,"$33,440.00",,,"$22,120.00",,,,0,0,0,,,,,,,,,,,
,,,,,,,,,,"$33,440.00",,,"$22,120.00",,,,0,0,0,,,,,,,,,,,
,,,,,,,,,,"$33,440.00",,,"$22,120.00",,,,0,0,0,,,,,,,,,,,
,,,,,,,,,,"$33,440.00",,,"$22,120.00",,,,0,0,0,,,,,,,,,,,
,,,,,,,,,,"$33,440.00",,,"$22,120.00",,,,0,0,0,,,,,,,,,,,
,,,,,,,,,,"$33,440.00",,,"$22,120.00",,,,0,0,0,,,,,,,,,,,
,,,,,,,,,,"$33,440.00",,,"$22,120.00",,,,0,0,0,,,,,,,,,,,
,,,,,,,,,,"$33,440.00",,,"$22,120.00",,,,0,0,0,,,,,,,,,,,
,,,,,,,,,,"$33,440.00",,,"$22,120.00",,,,0,0,0,,,,,,,,,,,
,,,,,,,,,,"$33,440.00",,,"$22,120.00",,,,0,0,0,,,,,,,,,,,
,,,,,,,,,,"$33,440.00",,,"$22,120.00",,,,0,0,0,,,,,,,,,,,
,,,,,,,,,,"$33,440.00",,,"$22,120.00",,,,0,0,0,,,,,,,,,,,
,,,,,,,,,,"$33,440.00",,,"$22,120.00",,,,0,0,0,,,,,,,,,,,
,,,,,,,,,,"$33,440.00",,,"$22,120.00",,,,0,0,0,,,,,,,,,,,
,,,,,,,,,,"$33,440.00",,,"$22,120.00",,,,0,0,0,,,,,,,,,,,
,,,,,,,,,,"$33,440.00",,,"$22,120.00",,,,0,0,0,,,,,,,,,,,
,,,,,,,,,,"$33,440.00",,,"$22,120.00",,,,0,0,0,,,,,,,,,,,
,,,,,,,,,,"$33,440.00",,,"$22,120.00",,,,0,0,0,,,,,,,,,,,
,,,,,,,,,,"$33,440.00",,,"$22,120.00",,,,0,0,0,,,,,,,,,,,
,,,,,,,,,,"$33,440.00",,,"$22,120.00",,,,0,0,0,,,,,,,,,,,
,,,,,,,,,,"$33,440.00",,,"$22,120.00",,,,0,0,0,,,,,,,,,,,
,,,,,,,,,,"$33,440.00",,,"$22,120.00",,,,0,0,0,,,,,,,,,,,
,,,,,,,,,,"$33,440.00",,,"$22,120.00",,,,0,0,0,,,,,,,,,,,
,,,,,,,,,,"$33,440.00",,,"$22,120.00",,,,0,0,0,,,,,,,,,,,
,,,,,,,,,,"$33,440.00",,,"$22,120.00",,,,0,0,0,,,,,,,,,,,
,,,,,,,,,,"$33,440.00",,,"$22,120.00",,,,0,0,0,,,,,,,,,,,
,,,,,,,,,,"$33,440.00",,,"$22,120.00",,,,0,0,0,,,,,,,,,,,
,,,,,,,,,,"$33,440.00",,,"$22,120.00",,,,0,0,0,,,,,,,,,,,
,,,,,,,,,,"$33,440.00",,,"$22,120.00",,,,0,0,0,,,,,,,,,,,
,,,,,,,,,,"$33,440.00",,,"$22,120.00",,,,0,0,0,,,,,,,,,,,
,,,,,,,,,,"$33,440.00",,,"$22,120.00",,,,0,0,0,,,,,,,,,,,
,,,,,,,,,,"$33,440.00",,,"$22,120.00",,,,0,0,0,,,,,,,,,,,
,,,,,,,,,,"$33,440.00",,,"$22,120.00",,,,0,0,0,,,,,,,,,,,
,,,,,,,,,,"$33,440.00",,,"$22,120.00",,,,0,0,0,,,,,,,,,,,
,,,,,,,,,,"$33,440.00",,,"$22,120.00",,,,0,0,0,,,,,,,,,,,
,,,,,,,,,,"$33,440.00",,,"$22,120.00",,,,0,0,0,,,,,,,,,,,
,,,,,,,,,,"$33,440.00",,,"$22,120.00",,,,0,0,0,,,,,,,,,,,
,,,,,,,,,,"$33,440.00",,,"$22,120.00",,,,0,0,0,,,,,,,,,,,
,,,,,,,,,,"$33,440.00",,,"$22,120.00",,,,0,0,0,,,,,,,,,,,
,,,,,,,,,,"$33,440.00",,,"$22,120.00",,,,0,0,0,,,,,,,,,,,
,,,,,,,,,,"$33,440.00",,,"$22,120.00",,,,0,0,0,,,,,,,,,,,
,,,,,,,,,,"$33,440.00",,,"$22,120.00",,,,0,0,0,,,,,,,,,,,
,,,,,,,,,,"$33,440.00",,,"$22,120.00",,,,0,0,0,,,,,,,,,,,
,,,,,,,,,,"$33,440.00",,,"$22,120.00",,,,0,0,0,,,,,,,,,,,
,,,,,,,,,,"$33,440.00",,,"$22,120.00",,,,0,0,0,,,,,,,,,,,
,,,,,,,,,,"$33,440.00",,,"$22,120.00",,,,0,0,0,,,,,,,,,,,
,,,,,,,,,,"$33,440.00",,,"$22,120.00",,,,0,0,0,,,,,,,,,,,
,,,,,,,,,,"$33,440.00",,,"$22,120.00",,,,0,0,0,,,,,,,,,,,
,,,,,,,,,,"$33,440.00",,,"$22,120.00",,,,0,0,0,,,,,,,,,,,
,,,,,,,,,,"$33,440.00",,,"$22,120.00",,,,0,0,0,,,,,,,,,,,
,,,,,,,,,,"$33,440.00",,,"$22,120.00",,,,0,0,0,,,,,,,,,,,
,,,,,,,,,,"$33,440.00",,,"$22,120.00",,,,0,0,0,,,,,,,,,,,
,,,,,,,,,,"$33,440.00",,,"$22,120.00",,,,0,0,0,,,,,,,,,,,
,,,,,,,,,,"$33,440.00",,,"$22,120.00",,,,0,0,0,,,,,,,,,,,
,,,,,,,,,,"$33,440.00",,,"$22,120.00",,,,0,0,0,,,,,,,,,,,
,,,,,,,,,,"$33,440.00",,,"$22,120.00",,,,0,0,0,,,,,,,,,,,
,,,,,,,,,,"$33,440.00",,,"$22,120.00",,,,0,0,0,,,,,,,,,,,
,,,,,,,,,,"$33,440.00",,,"$22,120.00",,,,0,0,0,,,,,,,,,,,
,,,,,,,,,,"$33,440.00",,,"$22,120.00",,,,0,0,0,,,,,,,,,,,
,,,,,,,,,,"$33,440.00",,,"$22,120.00",,,,0,0,0,,,,,,,,,,,
,,,,,,,,,,"$33,440.00",,,"$22,120.00",,,,0,0,0,,,,,,,,,,,
,,,,,,,,,,"$33,440.00",,,"$22,120.00",,,,0,0,0,,,,,,,,,,,
,,,,,,,,,,"$33,440.00",,,"$22,120.00",,,,0,0,0,,,,,,,,,,,
,,,,,,,,,,"$33,440.00",,,"$22,120.00",,,,0,0,0,,,,,,,,,,,
,,,,,,,,,,"$33,440.00",,,"$22,120.00",,,,0,0,0,,,,,,,,,,,
,,,,,,,,,,"$33,440.00",,,"$22,120.00",,,,0,0,0,,,,,,,,,,,
,,,,,,,,,,"$33,440.00",,,"$22,120.00",,,,0,0,0,,,,,,,,,,,
,,,,,,,,,,"$33,440.00",,,"$22,120.00",,,,0,0,0,,,,,,,,,,,
,,,,,,,,,,"$33,440.00",,,"$22,120.00",,,,0,0,0,,,,,,,,,,,
,,,,,,,,,,"$33,440.00",,,"$22,120.00",,,,0,0,0,,,,,,,,,,,
,,,,,,,,,,"$33,440.00",,,"$22,120.00",,,,0,0,0,,,,,,,,,,,
,,,,,,,,,,"$33,440.00",,,"$22,120.00",,,,0,0,0,,,,,,,,,,,
,,,,,,,,,,"$33,440.00",,,"$22,120.00",,,,0,0,0,,,,,,,,,,,
,,,,,,,,,,"$33,440.00",,,"$22,120.00",,,,0,0,0,,,,,,,,,,,
,,,,,,,,,,"$33,440.00",,,"$22,120.00",,,,0,0,0,,,,,,,,,,,
,,,,,,,,,,"$33,440.00",,,"$22,120.00",,,,0,0,0,,,,,,,,,,,
,,,,,,,,,,"$33,440.00",,,"$22,120.00",,,,0,0,0,,,,,,,,,,,
,,,,,,,,,,"$33,440.00",,,"$22,120.00",,,,0,0,0,,,,,,,,,,,
,,,,,,,,,,"$33,440.00",,,"$22,120.00",,,,0,0,0,,,,,,,,,,,
,,,,,,,,,,"$33,440.00",,,"$22,120.00",,,,0,0,0,,,,,,,,,,,
,,,,,,,,,,"$33,440.00",,,"$22,120.00",,,,0,0,0,,,,,,,,,,,
,,,,,,,,,,"$33,440.00",,,"$22,120.00",,,,0,0,0,,,,,,,,,,,
,,,,,,,,,,"$33,440.00",,,"$22,120.00",,,,0,0,0,,,,,,,,,,,
,,,,,,,,,,"$33,440.00",,,"$22,120.00",,,,0,0,0,,,,,,,,,,,
,,,,,,,,,,"$33,440.00",,,"$22,120.00",,,,0,0,0,,,,,,,,,,,
,,,,,,,,,,"$33,440.00",,,"$22,120.00",,,,0,0,0,,,,,,,,,,,
,,,,,,,,,,"$33,440.00",,,"$22,120.00",,,,0,0,0,,,,,,,,,,,
,,,,,,,,,,"$33,440.00",,,"$22,120.00",,,,0,0,0,,,,,,,,,,,
,,,,,,,,,,"$33,440.00",,,"$22,120.00",,,,0,0,0,,,,,,,,,,,
,,,,,,,,,,"$33,440.00",,,"$22,120.00",,,,0,0,0,,,,,,,,,,,
,,,,,,,,,,"$33,440.00",,,"$22,120.00",,,,0,0,0,,,,,,,,,,,
,,,,,,,,,,"$33,440.00",,,"$22,120.00",,,,0,0,0,,,,,,,,,,,
,,,,,,,,,,"$33,440.00",,,"$22,120.00",,,,0,0,0,,,,,,,,,,,
,,,,,,,,,,"$33,440.00",,,"$22,120.00",,,,0,0,0,,,,,,,,,,,
,,,,,,,,,,"$33,440.00",,,"$22,120.00",,,,0,0,0,,,,,,,,,,,
,,,,,,,,,,"$33,440.00",,,"$22,120.00",,,,0,0,0,,,,,,,,,,,
,,,,,,,,,,"$33,440.00",,,"$22,120.00",,,,0,0,0,,,,,,,,,,,
,,,,,,,,,,"$33,440.00",,,"$22,120.00",,,,0,0,0,,,,,,,,,,,
,,,,,,,,,,"$33,440.00",,,"$22,120.00",,,,0,0,0,,,,,,,,,,,
,,,,,,,,,,"$33,440.00",,,"$22,120.00",,,,0,0,0,,,,,,,,,,,
,,,,,,,,,,"$33,440.00",,,"$22,120.00",,,,0,0,0,,,,,,,,,,,
,,,,,,,,,,"$33,440.00",,,"$22,120.00",,,,0,0,0,,,,,,,,,,,
,,,,,,,,,,"$33,440.00",,,"$22,120.00",,,,0,0,0,,,,,,,,,,,
,,,,,,,,,,"$33,440.00",,,"$22,120.00",,,,0,0,0,,,,,,,,,,,
,,,,,,,,,,"$33,440.00",,,"$22,120.00",,,,0,0,0,,,,,,,,,,,
,,,,,,,,,,"$33,440.00",,,"$22,120.00",,,,0,0,0,,,,,,,,,,,
,,,,,,,,,,"$33,440.00",,,"$22,120.00",,,,0,0,0,,,,,,,,,,,
,,,,,,,,,,"$33,440.00",,,"$22,120.00",,,,0,0,0,,,,,,,,,,,
,,,,,,,,,,"$33,440.00",,,"$22,120.00",,,,0,0,0,,,,,,,,,,,
,,,,,,,,,,"$33,440.00",,,"$22,120.00",,,,0,0,0,,,,,,,,,,,
,,,,,,,,,,"$33,440.00",,,"$22,120.00",,,,0,0,0,,,,,,,,,,,
,,,,,,,,,,"$33,440.00",,,"$22,120.00",,,,0,0,0,,,,,,,,,,,
,,,,,,,,,,"$33,440.00",,,"$22,120.00",,,,0,0,0,,,,,,,,,,,
,,,,,,,,,,"$33,440.00",,,"$22,120.00",,,,0,0,0,,,,,,,,,,,
,,,,,,,,,,"$33,440.00",,,"$22,120.00",,,,0,0,0,,,,,,,,,,,
,,,,,,,,,,"$33,440.00",,,"$22,120.00",,,,0,0,0,,,,,,,,,,,
,,,,,,,,,,"$33,440.00",,,"$22,120.00",,,,0,0,0,,,,,,,,,,,
,,,,,,,,,,"$33,440.00",,,"$22,120.00",,,,0,0,0,,,,,,,,,,,
,,,,,,,,,,"$33,440.00",,,"$22,120.00",,,,0,0,0,,,,,,,,,,,
,,,,,,,,,,"$33,440.00",,,"$22,120.00",,,,0,0,0,,,,,,,,,,,
,,,,,,,,,,"$33,440.00",,,"$22,120.00",,,,0,0,0,,,,,,,,,,,
,,,,,,,,,,"$33,440.00",,,"$22,120.00",,,,0,0,0,,,,,,,,,,,
,,,,,,,,,,"$33,440.00",,,"$22,120.00",,,,0,0,0,,,,,,,,,,,
,,,,,,,,,,"$33,440.00",,,"$22,120.00",,,,0,0,0,,,,,,,,,,,
,,,,,,,,,,"$33,440.00",,,"$22,120.00",,,,0,0,0,,,,,,,,,,,
,,,,,,,,,,"$33,440.00",,,"$22,120.00",,,,0,0,0,,,,,,,,,,,
,,,,,,,,,,"$33,440.00",,,"$22,120.00",,,,0,0,0,,,,,,,,,,,
,,,,,,,,,,"$33,440.00",,,"$22,120.00",,,,0,0,0,,,,,,,,,,,
,,,,,,,,,,"$33,440.00",,,"$22,120.00",,,,0,0,0,,,,,,,,,,,
,,,,,,,,,,"$33,440.00",,,"$22,120.00",,,,0,0,0,,,,,,,,,,,
,,,,,,,,,,"$33,440.00",,,"$22,120.00",,,,0,0,0,,,,,,,,,,,
,,,,,,,,,,"$33,440.00",,,"$22,120.00",,,,0,0,0,,,,,,,,,,,
,,,,,,,,,,"$33,440.00",,,"$22,120.00",,,,0,0,0,,,,,,,,,,,
,,,,,,,,,,"$33,440.00",,,"$22,120.00",,,,0,0,0,,,,,,,,,,,
,,,,,,,,,,"$33,440.00",,,"$22,120.00",,,,0,0,0,,,,,,,,,,,
,,,,,,,,,,"$33,440.00",,,"$22,120.00",,,,0,0,0,,,,,,,,,,,
,,,,,,,,,,"$33,440.00",,,"$22,120.00",,,,0,0,0,,,,,,,,,,,
,,,,,,,,,,"$33,440.00",,,"$22,120.00",,,,0,0,0,,,,,,,,,,,
,,,,,,,,,,"$33,440.00",,,"$22,120.00",,,,0,0,0,,,,,,,,,,,
,,,,,,,,,,"$33,440.00",,,"$22,120.00",,,,0,0,0,,,,,,,,,,,
,,,,,,,,,,"$33,440.00",,,"$22,120.00",,,,0,0,0,,,,,,,,,,,
,,,,,,,,,,"$33,440.00",,,"$22,120.00",,,,0,0,0,,,,,,,,,,,
,,,,,,,,,,"$33,440.00",,,"$22,120.00",,,,0,0,0,,,,,,,,,,,
,,,,,,,,,,"$33,440.00",,,"$22,120.00",,,,0,0,0,,,,,,,,,,,
,,,,,,,,,,"$33,440.00",,,"$22,120.00",,,,0,0,0,,,,,,,,,,,
,,,,,,,,,,"$33,440.00",,,"$22,120.00",,,,0,0,0,,,,,,,,,,,
,,,,,,,,,,"$33,440.00",,,"$22,120.00",,,,0,0,0,,,,,,,,,,,
,,,,,,,,,,"$33,440.00",,,"$22,120.00",,,,0,0,0,,,,,,,,,,,
,,,,,,,,,,"$33,440.00",,,"$22,120.00",,,,0,0,0,,,,,,,,,,,
,,,,,,,,,,"$33,440.00",,,"$22,120.00",,,,0,0,0,,,,,,,,,,,
,,,,,,,,,,"$33,440.00",,,"$22,120.00",,,,0,0,0,,,,,,,,,,,
,,,,,,,,,,"$33,440.00",,,"$22,120.00",,,,0,0,0,,,,,,,,,,,
,,,,,,,,,,"$33,440.00",,,"$22,120.00",,,,0,0,0,,,,,,,,,,,
,,,,,,,,,,"$33,440.00",,,"$22,120.00",,,,0,0,0,,,,,,,,,,,
,,,,,,,,,,"$33,440.00",,,"$22,120.00",,,,0,0,0,,,,,,,,,,,
,,,,,,,,,,"$33,440.00",,,"$22,120.00",,,,0,0,0,,,,,,,,,,,
,,,,,,,,,,"$33,440.00",,,"$22,120.00",,,,0,0,0,,,,,,,,,,,
,,,,,,,,,,"$33,440.00",,,"$22,120.00",,,,0,0,0,,,,,,,,,,,
,,,,,,,,,,"$33,440.00",,,"$22,120.00",,,,0,0,0,,,,,,,,,,,
,,,,,,,,,,"$33,440.00",,,"$22,120.00",,,,0,0,0,,,,,,,,,,,
,,,,,,,,,,"$33,440.00",,,"$22,120.00",,,,0,0,0,,,,,,,,,,,
,,,,,,,,,,"$33,440.00",,,"$22,120.00",,,,0,0,0,,,,,,,,,,,
,,,,,,,,,,"$33,440.00",,,"$22,120.00",,,,0,0,0,,,,,,,,,,,
,,,,,,,,,,"$33,440.00",,,"$22,120.00",,,,0,0,0,,,,,,,,,,,
,,,,,,,,,,"$33,440.00",,,"$22,120.00",,,,0,0,0,,,,,,,,,,,
,,,,,,,,,,"$33,440.00",,,"$22,120.00",,,,0,0,0,,,,,,,,,,,
,,,,,,,,,,"$33,440.00",,,"$22,120.00",,,,0,0,0,,,,,,,,,,,
,,,,,,,,,,"$33,440.00",,,"$22,120.00",,,,0,0,0,,,,,,,,,,,
,,,,,,,,,,"$33,440.00",,,"$22,120.00",,,,0,0,0,,,,,,,,,,,
,,,,,,,,,,"$33,440.00",,,"$22,120.00",,,,0,0,0,,,,,,,,,,,
,,,,,,,,,,"$33,440.00",,,"$22,120.00",,,,0,0,0,,,,,,,,,,,
,,,,,,,,,,"$33,440.00",,,"$22,120.00",,,,0,0,0,,,,,,,,,,,
,,,,,,,,,,"$33,440.00",,,"$22,120.00",,,,0,0,0,,,,,,,,,,,
,,,,,,,,,,"$33,440.00",,,"$22,120.00",,,,0,0,0,,,,,,,,,,,
,,,,,,,,,,"$33,440.00",,,"$22,120.00",,,,0,0,0,,,,,,,,,,,
,,,,,,,,,,"$33,440.00",,,"$22,120.00",,,,0,0,0,,,,,,,,,,,
,,,,,,,,,,"$33,440.00",,,"$22,120.00",,,,0,0,0,,,,,,,,,,,
,,,,,,,,,,"$33,440.00",,,"$22,120.00",,,,0,0,0,,,,,,,,,,,
,,,,,,,,,,"$33,440.00",,,"$22,120.00",,,,0,0,0,,,,,,,,,,,
,,,,,,,,,,"$33,440.00",,,"$22,120.00",,,,0,0,0,,,,,,,,,,,
,,,,,,,,,,"$33,440.00",,,"$22,120.00",,,,0,0,0,,,,,,,,,,,
,,,,,,,,,,"$33,440.00",,,"$22,120.00",,,,0,0,0,,,,,,,,,,,
,,,,,,,,,,"$33,440.00",,,"$22,120.00",,,,0,0,0,,,,,,,,,,,
,,,,,,,,,,"$33,440.00",,,"$22,120.00",,,,0,0,0,,,,,,,,,,,
,,,,,,,,,,"$33,440.00",,,"$22,120.00",,,,0,0,0,,,,,,,,,,,
,,,,,,,,,,"$33,440.00",,,"$22,120.00",,,,0,0,0,,,,,,,,,,,
,,,,,,,,,,"$33,440.00",,,"$22,120.00",,,,0,0,0,,,,,,,,,,,
,,,,,,,,,,"$33,440.00",,,"$22,120.00",,,,0,0,0,,,,,,,,,,,
,,,,,,,,,,"$33,440.00",,,"$22,120.00",,,,0,0,0,,,,,,,,,,,
,,,,,,,,,,"$33,440.00",,,"$22,120.00",,,,0,0,0,,,,,,,,,,,
,,,,,,,,,,"$33,440.00",,,"$22,120.00",,,,0,0,0,,,,,,,,,,,
,,,,,,,,,,"$33,440.00",,,"$22,120.00",,,,0,0,0,,,,,,,,,,,
,,,,,,,,,,"$33,440.00",,,"$22,120.00",,,,0,0,0,,,,,,,,,,,
,,,,,,,,,,"$33,440.00",,,"$22,120.00",,,,0,0,0,,,,,,,,,,,
,,,,,,,,,,"$33,440.00",,,"$22,120.00",,,,0,0,0,,,,,,,,,,,
,,,,,,,,,,"$33,440.00",,,"$22,120.00",,,,0,0,0,,,,,,,,,,,
,,,,,,,,,,"$33,440.00",,,"$22,120.00",,,,0,0,0,,,,,,,,,,,
,,,,,,,,,,"$33,440.00",,,"$22,120.00",,,,0,0,0,,,,,,,,,,,
,,,,,,,,,,"$33,440.00",,,"$22,120.00",,,,0,0,0,,,,,,,,,,,
,,,,,,,,,,"$33,440.00",,,"$22,120.00",,,,0,0,0,,,,,,,,,,,
,,,,,,,,,,"$33,440.00",,,"$22,120.00",,,,0,0,0,,,,,,,,,,,
,,,,,,,,,,"$33,440.00",,,"$22,120.00",,,,0,0,0,,,,,,,,,,,
,,,,,,,,,,"$33,440.00",,,"$22,120.00",,,,0,0,0,,,,,,,,,,,
,,,,,,,,,,"$33,440.00",,,"$22,120.00",,,,0,0,0,,,,,,,,,,,
,,,,,,,,,,"$33,440.00",,,"$22,120.00",,,,0,0,0,,,,,,,,,,,
,,,,,,,,,,"$33,440.00",,,"$22,120.00",,,,0,0,0,,,,,,,,,,,
,,,,,,,,,,"$33,440.00",,,"$22,120.00",,,,0,0,0,,,,,,,,,,,
,,,,,,,,,,"$33,440.00",,,"$22,120.00",,,,0,0,0,,,,,,,,,,,
,,,,,,,,,,"$33,440.00",,,"$22,120.00",,,,0,0,0,,,,,,,,,,,
,,,,,,,,,,"$33,440.00",,,"$22,120.00",,,,0,0,0,,,,,,,,,,,
,,,,,,,,,,"$33,440.00",,,"$22,120.00",,,,0,0,0,,,,,,,,,,,
,,,,,,,,,,"$33,440.00",,,"$22,120.00",,,,0,0,0,,,,,,,,,,,
,,,,,,,,,,"$33,440.00",,,"$22,120.00",,,,0,0,0,,,,,,,,,,,
,,,,,,,,,,"$33,440.00",,,"$22,120.00",,,,0,0,0,,,,,,,,,,,
,,,,,,,,,,"$33,440.00",,,"$22,120.00",,,,0,0,0,,,,,,,,,,,
,,,,,,,,,,"$33,440.00",,,"$22,120.00",,,,0,0,0,,,,,,,,,,,
,,,,,,,,,,"$33,440.00",,,"$22,120.00",,,,0,0,0,,,,,,,,,,,
,,,,,,,,,,"$33,440.00",,,"$22,120.00",,,,0,0,0,,,,,,,,,,,
,,,,,,,,,,"$33,440.00",,,"$22,120.00",,,,0,0,0,,,,,,,,,,,
,,,,,,,,,,"$33,440.00",,,"$22,120.00",,,,0,0,0,,,,,,,,,,,
,,,,,,,,,,"$33,440.00",,,"$22,120.00",,,,0,0,0,,,,,,,,,,,
,,,,,,,,,,"$33,440.00",,,"$22,120.00",,,,0,0,0,,,,,,,,,,,
,,,,,,,,,,"$33,440.00",,,"$22,120.00",,,,0,0,0,,,,,,,,,,,
,,,,,,,,,,"$33,440.00",,,"$22,120.00",,,,0,0,0,,,,,,,,,,,
,,,,,,,,,,"$33,440.00",,,"$22,120.00",,,,0,0,0,,,,,,,,,,,
,,,,,,,,,,"$33,440.00",,,"$22,120.00",,,,0,0,0,,,,,,,,,,,
,,,,,,,,,,"$33,440.00",,,"$22,120.00",,,,0,0,0,,,,,,,,,,,
,,,,,,,,,,"$33,440.00",,,"$22,120.00",,,,0,0,0,,,,,,,,,,,
,,,,,,,,,,"$33,440.00",,,"$22,120.00",,,,0,0,0,,,,,,,,,,,
,,,,,,,,,,"$33,440.00",,,"$22,120.00",,,,0,0,0,,,,,,,,,,,
,,,,,,,,,,"$33,440.00",,,"$22,120.00",,,,0,0,0,,,,,,,,,,,
,,,,,,,,,,"$33,440.00",,,"$22,120.00",,,,0,0,0,,,,,,,,,,,
,,,,,,,,,,"$33,440.00",,,"$22,120.00",,,,0,0,0,,,,,,,,,,,
,,,,,,,,,,"$33,440.00",,,"$22,120.00",,,,0,0,0,,,,,,,,,,,
,,,,,,,,,,"$33,440.00",,,"$22,120.00",,,,0,0,0,,,,,,,,,,,
,,,,,,,,,,"$33,440.00",,,"$22,120.00",,,,0,0,0,,,,,,,,,,,
,,,,,,,,,,"$33,440.00",,,"$22,120.00",,,,0,0,0,,,,,,,,,,,
,,,,,,,,,,"$33,440.00",,,"$22,120.00",,,,0,0,0,,,,,,,,,,,
,,,,,,,,,,"$33,440.00",,,"$22,120.00",,,,0,0,0,,,,,,,,,,,
,,,,,,,,,,"$33,440.00",,,"$22,120.00",,,,0,0,0,,,,,,,,,,,
,,,,,,,,,,"$33,440.00",,,"$22,120.00",,,,0,0,0,,,,,,,,,,,
,,,,,,,,,,"$33,440.00",,,"$22,120.00",,,,0,0,0,,,,,,,,,,,
,,,,,,,,,,"$33,440.00",,,"$22,120.00",,,,0,0,0,,,,,,,,,,,
,,,,,,,,,,"$33,440.00",,,"$22,120.00",,,,0,0,0,,,,,,,,,,,
,,,,,,,,,,"$33,440.00",,,"$22,120.00",,,,0,0,0,,,,,,,,,,,
,,,,,,,,,,"$33,440.00",,,"$22,120.00",,,,0,0,0,,,,,,,,,,,
,,,,,,,,,,"$33,440.00",,,"$22,120.00",,,,0,0,0,,,,,,,,,,,
,,,,,,,,,,"$33,440.00",,,"$22,120.00",,,,0,0,0,,,,,,,,,,,
,,,,,,,,,,"$33,440.00",,,"$22,120.00",,,,0,0,0,,,,,,,,,,,
,,,,,,,,,,"$33,440.00",,,"$22,120.00",,,,0,0,0,,,,,,,,,,,
,,,,,,,,,,"$33,440.00",,,"$22,120.00",,,,0,0,0,,,,,,,,,,,
,,,,,,,,,,"$33,440.00",,,"$22,120.00",,,,0,0,0,,,,,,,,,,,
,,,,,,,,,,"$33,440.00",,,"$22,120.00",,,,0,0,0,,,,,,,,,,,
,,,,,,,,,,"$33,440.00",,,"$22,120.00",,,,0,0,0,,,,,,,,,,,
,,,,,,,,,,"$33,440.00",,,"$22,120.00",,,,0,0,0,,,,,,,,,,,
,,,,,,,,,,"$33,440.00",,,"$22,120.00",,,,0,0,0,,,,,,,,,,,
,,,,,,,,,,"$33,440.00",,,"$22,120.00",,,,0,0,0,,,,,,,,,,,
,,,,,,,,,,"$33,440.00",,,"$22,120.00",,,,0,0,0,,,,,,,,,,,
,,,,,,,,,,"$33,440.00",,,"$22,120.00",,,,0,0,0,,,,,,,,,,,
,,,,,,,,,,"$33,440.00",,,"$22,120.00",,,,0,0,0,,,,,,,,,,,
,,,,,,,,,,"$33,440.00",,,"$22,120.00",,,,0,0,0,,,,,,,,,,,
,,,,,,,,,,"$33,440.00",,,"$22,120.00",,,,0,0,0,,,,,,,,,,,
,,,,,,,,,,"$33,440.00",,,"$22,120.00",,,,0,0,0,,,,,,,,,,,
,,,,,,,,,,"$33,440.00",,,"$22,120.00",,,,0,0,0,,,,,,,,,,,
,,,,,,,,,,"$33,440.00",,,"$22,120.00",,,,0,0,0,,,,,,,,,,,
,,,,,,,,,,"$33,440.00",,,"$22,120.00",,,,0,0,0,,,,,,,,,,,
,,,,,,,,,,"$33,440.00",,,"$22,120.00",,,,0,0,0,,,,,,,,,,,
,,,,,,,,,,"$33,440.00",,,"$22,120.00",,,,0,0,0,,,,,,,,,,,
,,,,,,,,,,"$33,440.00",,,"$22,120.00",,,,0,0,0,,,,,,,,,,,
,,,,,,,,,,"$33,440.00",,,"$22,120.00",,,,0,0,0,,,,,,,,,,,
,,,,,,,,,,"$33,440.00",,,"$22,120.00",,,,0,0,0,,,,,,,,,,,
,,,,,,,,,,"$33,440.00",,,"$22,120.00",,,,0,0,0,,,,,,,,,,,
,,,,,,,,,,"$33,440.00",,,"$22,120.00",,,,0,0,0,,,,,,,,,,,
,,,,,,,,,,"$33,440.00",,,"$22,120.00",,,,0,0,0,,,,,,,,,,,
,,,,,,,,,,"$33,440.00",,,"$22,120.00",,,,0,0,0,,,,,,,,,,,
,,,,,,,,,,"$33,440.00",,,"$22,120.00",,,,0,0,0,,,,,,,,,,,
,,,,,,,,,,"$33,440.00",,,"$22,120.00",,,,0,0,0,,,,,,,,,,,
,,,,,,,,,,"$33,440.00",,,"$22,120.00",,,,0,0,0,,,,,,,,,,,
,,,,,,,,,,"$33,440.00",,,"$22,120.00",,,,0,0,0,,,,,,,,,,,
,,,,,,,,,,"$33,440.00",,,"$22,120.00",,,,0,0,0,,,,,,,,,,,
,,,,,,,,,,"$33,440.00",,,"$22,120.00",,,,0,0,0,,,,,,,,,,,
,,,,,,,,,,"$33,440.00",,,"$22,120.00",,,,0,0,0,,,,,,,,,,,
,,,,,,,,,,"$33,440.00",,,"$22,120.00",,,,0,0,0,,,,,,,,,,,
,,,,,,,,,,"$33,440.00",,,"$22,120.00",,,,0,0,0,,,,,,,,,,,
,,,,,,,,,,"$33,440.00",,,"$22,120.00",,,,0,0,0,,,,,,,,,,,
,,,,,,,,,,"$33,440.00",,,"$22,120.00",,,,0,0,0,,,,,,,,,,,
,,,,,,,,,,"$33,440.00",,,"$22,120.00",,,,0,0,0,,,,,,,,,,,
,,,,,,,,,,"$33,440.00",,,"$22,120.00",,,,0,0,0,,,,,,,,,,,
,,,,,,,,,,"$33,440.00",,,"$22,120.00",,,,0,0,0,,,,,,,,,,,
,,,,,,,,,,"$33,440.00",,,"$22,120.00",,,,0,0,0,,,,,,,,,,,
,,,,,,,,,,"$33,440.00",,,"$22,120.00",,,,0,0,0,,,,,,,,,,,
,,,,,,,,,,"$33,440.00",,,"$22,120.00",,,,0,0,0,,,,,,,,,,,
,,,,,,,,,,"$33,440.00",,,"$22,120.00",,,,0,0,0,,,,,,,,,,,
,,,,,,,,,,"$33,440.00",,,"$22,120.00",,,,0,0,0,,,,,,,,,,,
,,,,,,,,,,"$33,440.00",,,"$22,120.00",,,,0,0,0,,,,,,,,,,,
,,,,,,,,,,"$33,440.00",,,"$22,120.00",,,,0,0,0,,,,,,,,,,,
,,,,,,,,,,"$33,440.00",,,"$22,120.00",,,,0,0,0,,,,,,,,,,,
,,,,,,,,,,"$33,440.00",,,"$22,120.00",,,,0,0,0,,,,,,,,,,,
,,,,,,,,,,"$33,440.00",,,"$22,120.00",,,,0,0,0,,,,,,,,,,,
,,,,,,,,,,"$33,440.00",,,"$22,120.00",,,,0,0,0,,,,,,,,,,,
,,,,,,,,,,"$33,440.00",,,"$22,120.00",,,,0,0,0,,,,,,,,,,,
,,,,,,,,,,"$33,440.00",,,"$22,120.00",,,,0,0,0,,,,,,,,,,,
,,,,,,,,,,"$33,440.00",,,"$22,120.00",,,,0,0,0,,,,,,,,,,,
,,,,,,,,,,"$33,440.00",,,"$22,120.00",,,,0,0,0,,,,,,,,,,,
,,,,,,,,,,"$33,440.00",,,"$22,120.00",,,,0,0,0,,,,,,,,,,,
,,,,,,,,,,"$33,440.00",,,"$22,120.00",,,,0,0,0,,,,,,,,,,,
,,,,,,,,,,"$33,440.00",,,"$22,120.00",,,,0,0,0,,,,,,,,,,,
,,,,,,,,,,"$33,440.00",,,"$22,120.00",,,,0,0,0,,,,,,,,,,,
,,,,,,,,,,"$33,440.00",,,"$22,120.00",,,,0,0,0,,,,,,,,,,,
,,,,,,,,,,"$33,440.00",,,"$22,120.00",,,,0,0,0,,,,,,,,,,,
,,,,,,,,,,"$33,440.00",,,"$22,120.00",,,,0,0,0,,,,,,,,,,,
,,,,,,,,,,"$33,440.00",,,"$22,120.00",,,,0,0,0,,,,,,,,,,,
,,,,,,,,,,"$33,440.00",,,"$22,120.00",,,,0,0,0,,,,,,,,,,,
,,,,,,,,,,"$33,440.00",,,"$22,120.00",,,,0,0,0,,,,,,,,,,,
,,,,,,,,,,"$33,440.00",,,"$22,120.00",,,,0,0,0,,,,,,,,,,,
,,,,,,,,,,"$33,440.00",,,"$22,120.00",,,,0,0,0,,,,,,,,,,,
,,,,,,,,,,"$33,440.00",,,"$22,120.00",,,,0,0,0,,,,,,,,,,,
,,,,,,,,,,"$33,440.00",,,"$22,120.00",,,,0,0,0,,,,,,,,,,,
,,,,,,,,,,"$33,440.00",,,"$22,120.00",,,,0,0,0,,,,,,,,,,,
,,,,,,,,,,"$33,440.00",,,"$22,120.00",,,,0,0,0,,,,,,,,,,,
,,,,,,,,,,"$33,440.00",,,"$22,120.00",,,,0,0,0,,,,,,,,,,,
,,,,,,,,,,"$33,440.00",,,"$22,120.00",,,,0,0,0,,,,,,,,,,,
,,,,,,,,,,"$33,440.00",,,"$22,120.00",,,,0,0,0,,,,,,,,,,,
,,,,,,,,,,"$33,440.00",,,"$22,120.00",,,,0,0,0,,,,,,,,,,,
,,,,,,,,,,"$33,440.00",,,"$22,120.00",,,,0,0,0,,,,,,,,,,,
,,,,,,,,,,"$33,440.00",,,"$22,120.00",,,,0,0,0,,,,,,,,,,,
,,,,,,,,,,"$33,440.00",,,"$22,120.00",,,,0,0,0,,,,,,,,,,,
,,,,,,,,,,"$33,440.00",,,"$22,120.00",,,,0,0,0,,,,,,,,,,,
,,,,,,,,,,"$33,440.00",,,"$22,120.00",,,,0,0,0,,,,,,,,,,,
,,,,,,,,,,"$33,440.00",,,"$22,120.00",,,,0,0,0,,,,,,,,,,,
,,,,,,,,,,"$33,440.00",,,"$22,120.00",,,,0,0,0,,,,,,,,,,,
,,,,,,,,,,"$33,440.00",,,"$22,120.00",,,,0,0,0,,,,,,,,,,,
,,,,,,,,,,"$33,440.00",,,"$22,120.00",,,,0,0,0,,,,,,,,,,,
,,,,,,,,,,"$33,440.00",,,"$22,120.00",,,,0,0,0,,,,,,,,,,,
,,,,,,,,,,"$33,440.00",,,"$22,120.00",,,,0,0,0,,,,,,,,,,,
,,,,,,,,,,"$33,440.00",,,"$22,120.00",,,,0,0,0,,,,,,,,,,,
,,,,,,,,,,"$33,440.00",,,"$22,120.00",,,,0,0,0,,,,,,,,,,,
,,,,,,,,,,"$33,440.00",,,"$22,120.00",,,,0,0,0,,,,,,,,,,,
,,,,,,,,,,"$33,440.00",,,"$22,120.00",,,,0,0,0,,,,,,,,,,,
,,,,,,,,,,"$33,440.00",,,"$22,120.00",,,,0,0,0,,,,,,,,,,,
,,,,,,,,,,"$33,440.00",,,"$22,120.00",,,,0,0,0,,,,,,,,,,,
,,,,,,,,,,"$33,440.00",,,"$22,120.00",,,,0,0,0,,,,,,,,,,,
,,,,,,,,,,"$33,440.00",,,"$22,120.00",,,,0,0,0,,,,,,,,,,,
,,,,,,,,,,"$33,440.00",,,"$22,120.00",,,,0,0,0,,,,,,,,,,,
,,,,,,,,,,"$33,440.00",,,"$22,120.00",,,,0,0,0,,,,,,,,,,,
,,,,,,,,,,"$33,440.00",,,"$22,120.00",,,,0,0,0,,,,,,,,,,,
,,,,,,,,,,"$33,440.00",,,"$22,120.00",,,,0,0,0,,,,,,,,,,,
,,,,,,,,,,"$33,440.00",,,"$22,120.00",,,,0,0,0,,,,,,,,,,,
,,,,,,,,,,"$33,440.00",,,"$22,120.00",,,,0,0,0,,,,,,,,,,,
,,,,,,,,,,"$33,440.00",,,"$22,120.00",,,,0,0,0,,,,,,,,,,,
,,,,,,,,,,"$33,440.00",,,"$22,120.00",,,,0,0,0,,,,,,,,,,,
,,,,,,,,,,"$33,440.00",,,"$22,120.00",,,,0,0,0,,,,,,,,,,,
,,,,,,,,,,"$33,440.00",,,"$22,120.00",,,,0,0,0,,,,,,,,,,,
,,,,,,,,,,"$33,440.00",,,"$22,120.00",,,,0,0,0,,,,,,,,,,,
,,,,,,,,,,"$33,440.00",,,"$22,120.00",,,,0,0,0,,,,,,,,,,,
,,,,,,,,,,"$33,440.00",,,"$22,120.00",,,,0,0,0,,,,,,,,,,,
,,,,,,,,,,"$33,440.00",,,"$22,120.00",,,,0,0,0,,,,,,,,,,,
,,,,,,,,,,"$33,440.00",,,"$22,120.00",,,,0,0,0,,,,,,,,,,,
,,,,,,,,,,"$33,440.00",,,"$22,120.00",,,,0,0,0,,,,,,,,,,,
,,,,,,,,,,"$33,440.00",,,"$22,120.00",,,,0,0,0,,,,,,,,,,,
,,,,,,,,,,"$33,440.00",,,"$22,120.00",,,,0,0,0,,,,,,,,,,,
,,,,,,,,,,"$33,440.00",,,"$22,120.00",,,,0,0,0,,,,,,,,,,,
,,,,,,,,,,"$33,440.00",,,"$22,120.00",,,,0,0,0,,,,,,,,,,,
,,,,,,,,,,"$33,440.00",,,"$22,120.00",,,,0,0,0,,,,,,,,,,,
,,,,,,,,,,"$33,440.00",,,"$22,120.00",,,,0,0,0,,,,,,,,,,,
,,,,,,,,,,"$33,440.00",,,"$22,120.00",,,,0,0,0,,,,,,,,,,,
,,,,,,,,,,"$33,440.00",,,"$22,120.00",,,,0,0,0,,,,,,,,,,,
,,,,,,,,,,"$33,440.00",,,"$22,120.00",,,,0,0,0,,,,,,,,,,,
,,,,,,,,,,"$33,440.00",,,"$22,120.00",,,,0,0,0,,,,,,,,,,,
,,,,,,,,,,"$33,440.00",,,"$22,120.00",,,,0,0,0,,,,,,,,,,,
,,,,,,,,,,"$33,440.00",,,"$22,120.00",,,,0,0,0,,,,,,,,,,,
,,,,,,,,,,"$33,440.00",,,"$22,120.00",,,,0,0,0,,,,,,,,,,,
,,,,,,,,,,"$33,440.00",,,"$22,120.00",,,,0,0,0,,,,,,,,,,,
,,,,,,,,,,"$33,440.00",,,"$22,120.00",,,,0,0,0,,,,,,,,,,,
,,,,,,,,,,"$33,440.00",,,"$22,120.00",,,,0,0,0,,,,,,,,,,,
,,,,,,,,,,"$33,440.00",,,"$22,120.00",,,,0,0,0,,,,,,,,,,,
,,,,,,,,,,"$33,440.00",,,"$22,120.00",,,,0,0,0,,,,,,,,,,,
,,,,,,,,,,"$33,440.00",,,"$22,120.00",,,,0,0,0,,,,,,,,,,,
,,,,,,,,,,"$33,440.00",,,"$22,120.00",,,,0,0,0,,,,,,,,,,,
,,,,,,,,,,"$33,440.00",,,"$22,120.00",,,,0,0,0,,,,,,,,,,,
,,,,,,,,,,"$33,440.00",,,"$22,120.00",,,,0,0,0,,,,,,,,,,,
,,,,,,,,,,"$33,440.00",,,"$22,120.00",,,,0,0,0,,,,,,,,,,,
,,,,,,,,,,"$33,440.00",,,"$22,120.00",,,,0,0,0,,,,,,,,,,,
,,,,,,,,,,"$33,440.00",,,"$22,120.00",,,,0,0,0,,,,,,,,,,,
,,,,,,,,,,"$33,440.00",,,"$22,120.00",,,,0,0,0,,,,,,,,,,,
,,,,,,,,,,"$33,440.00",,,"$22,120.00",,,,0,0,0,,,,,,,,,,,
,,,,,,,,,,"$33,440.00",,,"$22,120.00",,,,0,0,0,,,,,,,,,,,
,,,,,,,,,,"$33,440.00",,,"$22,120.00",,,,0,0,0,,,,,,,,,,,
,,,,,,,,,,"$33,440.00",,,"$22,120.00",,,,0,0,0,,,,,,,,,,,
,,,,,,,,,,"$33,440.00",,,"$22,120.00",,,,0,0,0,,,,,,,,,,,
,,,,,,,,,,"$33,440.00",,,"$22,120.00",,,,0,0,0,,,,,,,,,,,
,,,,,,,,,,"$33,440.00",,,"$22,120.00",,,,0,0,0,,,,,,,,,,,
,,,,,,,,,,"$33,440.00",,,"$22,120.00",,,,0,0,0,,,,,,,,,,,
,,,,,,,,,,"$33,440.00",,,"$22,120.00",,,,0,0,0,,,,,,,,,,,
,,,,,,,,,,"$33,440.00",,,"$22,120.00",,,,0,0,0,,,,,,,,,,,
,,,,,,,,,,"$33,440.00",,,"$22,120.00",,,,0,0,0,,,,,,,,,,,
,,,,,,,,,,"$33,440.00",,,"$22,120.00",,,,0,0,0,,,,,,,,,,,
,,,,,,,,,,"$33,440.00",,,"$22,120.00",,,,0,0,0,,,,,,,,,,,
,,,,,,,,,,"$33,440.00",,,"$22,120.00",,,,0,0,0,,,,,,,,,,,
,,,,,,,,,,"$33,440.00",,,"$22,120.00",,,,0,0,0,,,,,,,,,,,
,,,,,,,,,,"$33,440.00",,,"$22,120.00",,,,0,0,0,,,,,,,,,,,
,,,,,,,,,,"$33,440.00",,,"$22,120.00",,,,0,0,0,,,,,,,,,,,
,,,,,,,,,,"$33,440.00",,,"$22,120.00",,,,0,0,0,,,,,,,,,,,
,,,,,,,,,,"$33,440.00",,,"$22,120.00",,,,0,0,0,,,,,,,,,,,
,,,,,,,,,,"$33,440.00",,,"$22,120.00",,,,0,0,0,,,,,,,,,,,
,,,,,,,,,,"$33,440.00",,,"$22,120.00",,,,0,0,0,,,,,,,,,,,
,,,,,,,,,,"$33,440.00",,,"$22,120.00",,,,0,0,0,,,,,,,,,,,
,,,,,,,,,,"$33,440.00",,,"$22,120.00",,,,0,0,0,,,,,,,,,,,
,,,,,,,,,,"$33,440.00",,,"$22,120.00",,,,0,0,0,,,,,,,,,,,
,,,,,,,,,,"$33,440.00",,,"$22,120.00",,,,0,0,0,,,,,,,,,,,
,,,,,,,,,,"$33,440.00",,,"$22,120.00",,,,0,0,0,,,,,,,,,,,
,,,,,,,,,,"$33,440.00",,,"$22,120.00",,,,0,0,0,,,,,,,,,,,
,,,,,,,,,,"$33,440.00",,,"$22,120.00",,,,0,0,0,,,,,,,,,,,
,,,,,,,,,,"$33,440.00",,,"$22,120.00",,,,0,0,0,,,,,,,,,,,
,,,,,,,,,,"$33,440.00",,,"$22,120.00",,,,0,0,0,,,,,,,,,,,
,,,,,,,,,,"$33,440.00",,,"$22,120.00",,,,0,0,0,,,,,,,,,,,
,,,,,,,,,,"$33,440.00",,,"$22,120.00",,,,0,0,0,,,,,,,,,,,
,,,,,,,,,,"$33,440.00",,,"$22,120.00",,,,0,0,0,,,,,,,,,,,
,,,,,,,,,,"$33,440.00",,,"$22,120.00",,,,0,0,0,,,,,,,,,,,
,,,,,,,,,,"$33,440.00",,,"$22,120.00",,,,0,0,0,,,,,,,,,,,
,,,,,,,,,,"$33,440.00",,,"$22,120.00",,,,0,0,0,,,,,,,,,,,
,,,,,,,,,,"$33,440.00",,,"$22,120.00",,,,0,0,0,,,,,,,,,,,
,,,,,,,,,,"$33,440.00",,,"$22,120.00",,,,0,0,0,,,,,,,,,,,
,,,,,,,,,,"$33,440.00",,,"$22,120.00",,,,0,0,0,,,,,,,,,,,
,,,,,,,,,,"$33,440.00",,,"$22,120.00",,,,0,0,0,,,,,,,,,,,
,,,,,,,,,,"$33,440.00",,,"$22,120.00",,,,0,0,0,,,,,,,,,,,
,,,,,,,,,,"$33,440.00",,,"$22,120.00",,,,0,0,0,,,,,,,,,,,
,,,,,,,,,,"$33,440.00",,,"$22,120.00",,,,0,0,0,,,,,,,,,,,
,,,,,,,,,,"$33,440.00",,,"$22,120.00",,,,0,0,0,,,,,,,,,,,
,,,,,,,,,,"$33,440.00",,,"$22,120.00",,,,0,0,0,,,,,,,,,,,
,,,,,,,,,,"$33,440.00",,,"$22,120.00",,,,0,0,0,,,,,,,,,,,
,,,,,,,,,,"$33,440.00",,,"$22,120.00",,,,0,0,0,,,,,,,,,,,
,,,,,,,,,,"$33,440.00",,,"$22,120.00",,,,0,0,0,,,,,,,,,,,
,,,,,,,,,,"$33,440.00",,,"$22,120.00",,,,0,0,0,,,,,,,,,,,
,,,,,,,,,,"$33,440.00",,,"$22,120.00",,,,0,0,0,,,,,,,,,,,
,,,,,,,,,,"$33,440.00",,,"$22,120.00",,,,0,0,0,,,,,,,,,,,
,,,,,,,,,,"$33,440.00",,,"$22,120.00",,,,0,0,0,,,,,,,,,,,
,,,,,,,,,,"$33,440.00",,,"$22,120.00",,,,0,0,0,,,,,,,,,,,
,,,,,,,,,,"$33,440.00",,,"$22,120.00",,,,0,0,0,,,,,,,,,,,
,,,,,,,,,,"$33,440.00",,,"$22,120.00",,,,0,0,0,,,,,,,,,,,
,,,,,,,,,,"$33,440.00",,,"$22,120.00",,,,0,0,0,,,,,,,,,,,
,,,,,,,,,,"$33,440.00",,,"$22,120.00",,,,0,0,0,,,,,,,,,,,
,,,,,,,,,,"$33,440.00",,,"$22,120.00",,,,0,0,0,,,,,,,,,,,
,,,,,,,,,,"$33,440.00",,,"$22,120.00",,,,0,0,0,,,,,,,,,,,
,,,,,,,,,,"$33,440.00",,,"$22,120.00",,,,0,0,0,,,,,,,,,,,
,,,,,,,,,,"$33,440.00",,,"$22,120.00",,,,0,0,0,,,,,,,,,,,
,,,,,,,,,,"$33,440.00",,,"$22,120.00",,,,0,0,0,,,,,,,,,,,
,,,,,,,,,,"$33,440.00",,,"$22,120.00",,,,0,0,0,,,,,,,,,,,
,,,,,,,,,,"$33,440.00",,,"$22,120.00",,,,0,0,0,,,,,,,,,,,
,,,,,,,,,,"$33,440.00",,,"$22,120.00",,,,0,0,0,,,,,,,,,,,
,,,,,,,,,,"$33,440.00",,,"$22,120.00",,,,0,0,0,,,,,,,,,,,
,,,,,,,,,,"$33,440.00",,,"$22,120.00",,,,0,0,0,,,,,,,,,,,
,,,,,,,,,,"$33,440.00",,,"$22,120.00",,,,0,0,0,,,,,,,,,,,
,,,,,,,,,,"$33,440.00",,,"$22,120.00",,,,0,0,0,,,,,,,,,,,
,,,,,,,,,,"$33,440.00",,,"$22,120.00",,,,0,0,0,,,,,,,,,,,
,,,,,,,,,,"$33,440.00",,,"$22,120.00",,,,0,0,0,,,,,,,,,,,
,,,,,,,,,,"$33,440.00",,,"$22,120.00",,,,0,0,0,,,,,,,,,,,
,,,,,,,,,,"$33,440.00",,,"$22,120.00",,,,0,0,0,,,,,,,,,,,
,,,,,,,,,,"$33,440.00",,,"$22,120.00",,,,0,0,0,,,,,,,,,,,
,,,,,,,,,,"$33,440.00",,,"$22,120.00",,,,0,0,0,,,,,,,,,,,
,,,,,,,,,,"$33,440.00",,,"$22,120.00",,,,0,0,0,,,,,,,,,,,
,,,,,,,,,,"$33,440.00",,,"$22,120.00",,,,0,0,0,,,,,,,,,,,
,,,,,,,,,,"$33,440.00",,,"$22,120.00",,,,0,0,0,,,,,,,,,,,
,,,,,,,,,,"$33,440.00",,,"$22,120.00",,,,0,0,0,,,,,,,,,,,
,,,,,,,,,,"$33,440.00",,,"$22,120.00",,,,0,0,0,,,,,,,,,,,
,,,,,,,,,,"$33,440.00",,,"$22,120.00",,,,0,0,0,,,,,,,,,,,
,,,,,,,,,,"$33,440.00",,,"$22,120.00",,,,0,0,0,,,,,,,,,,,
,,,,,,,,,,"$33,440.00",,,"$22,120.00",,,,0,0,0,,,,,,,,,,,
,,,,,,,,,,"$33,440.00",,,"$22,120.00",,,,0,0,0,,,,,,,,,,,
,,,,,,,,,,"$33,440.00",,,"$22,120.00",,,,0,0,0,,,,,,,,,,,
,,,,,,,,,,"$33,440.00",,,"$22,120.00",,,,0,0,0,,,,,,,,,,,
,,,,,,,,,,"$33,440.00",,,"$22,120.00",,,,0,0,0,,,,,,,,,,,
,,,,,,,,,,"$33,440.00",,,"$22,120.00",,,,0,0,0,,,,,,,,,,,
,,,,,,,,,,"$33,440.00",,,"$22,120.00",,,,0,0,0,,,,,,,,,,,
,,,,,,,,,,"$33,440.00",,,"$22,120.00",,,,0,0,0,,,,,,,,,,,
,,,,,,,,,,"$33,440.00",,,"$22,120.00",,,,0,0,0,,,,,,,,,,,
,,,,,,,,,,"$33,440.00",,,"$22,120.00",,,,0,0,0,,,,,,,,,,,
,,,,,,,,,,"$33,440.00",,,"$22,120.00",,,,0,0,0,,,,,,,,,,,
,,,,,,,,,,"$33,440.00",,,"$22,120.00",,,,0,0,0,,,,,,,,,,,
,,,,,,,,,,"$33,440.00",,,"$22,120.00",,,,0,0,0,,,,,,,,,,,
,,,,,,,,,,"$33,440.00",,,"$22,120.00",,,,0,0,0,,,,,,,,,,,
,,,,,,,,,,"$33,440.00",,,"$22,120.00",,,,0,0,0,,,,,,,,,,,
,,,,,,,,,,"$33,440.00",,,"$22,120.00",,,,0,0,0,,,,,,,,,,,
,,,,,,,,,,"$33,440.00",,,"$22,120.00",,,,0,0,0,,,,,,,,,,,
,,,,,,,,,,"$33,440.00",,,"$22,120.00",,,,0,0,0,,,,,,,,,,,
,,,,,,,,,,"$33,440.00",,,"$22,120.00",,,,0,0,0,,,,,,,,,,,
,,,,,,,,,,"$33,440.00",,,"$22,120.00",,,,0,0,0,,,,,,,,,,,
,,,,,,,,,,"$33,440.00",,,"$22,120.00",,,,0,0,0,,,,,,,,,,,
,,,,,,,,,,"$33,440.00",,,"$22,120.00",,,,0,0,0,,,,,,,,,,,
,,,,,,,,,,"$33,440.00",,,"$22,120.00",,,,0,0,0,,,,,,,,,,,
,,,,,,,,,,"$33,440.00",,,"$22,120.00",,,,0,0,0,,,,,,,,,,,
,,,,,,,,,,"$33,440.00",,,"$22,120.00",,,,0,0,0,,,,,,,,,,,
,,,,,,,,,,"$33,440.00",,,"$22,120.00",,,,0,0,0,,,,,,,,,,,
,,,,,,,,,,"$33,440.00",,,"$22,120.00",,,,0,0,0,,,,,,,,,,,
,,,,,,,,,,"$33,440.00",,,"$22,120.00",,,,0,0,0,,,,,,,,,,,
,,,,,,,,,,"$33,440.00",,,"$22,120.00",,,,0,0,0,,,,,,,,,,,
,,,,,,,,,,"$33,440.00",,,"$22,120.00",,,,0,0,0,,,,,,,,,,,
,,,,,,,,,,"$33,440.00",,,"$22,120.00",,,,0,0,0,,,,,,,,,,,
,,,,,,,,,,"$33,440.00",,,"$22,120.00",,,,0,0,0,,,,,,,,,,,
,,,,,,,,,,"$33,440.00",,,"$22,120.00",,,,0,0,0,,,,,,,,,,,
,,,,,,,,,,"$33,440.00",,,"$22,120.00",,,,0,0,0,,,,,,,,,,,
,,,,,,,,,,"$33,440.00",,,"$22,120.00",,,,0,0,0,,,,,,,,,,,
,,,,,,,,,,"$33,440.00",,,"$22,120.00",,,,0,0,0,,,,,,,,,,,
,,,,,,,,,,"$33,440.00",,,"$22,120.00",,,,0,0,0,,,,,,,,,,,
,,,,,,,,,,"$33,440.00",,,"$22,120.00",,,,0,0,0,,,,,,,,,,,
,,,,,,,,,,"$33,440.00",,,"$22,120.00",,,,0,0,0,,,,,,,,,,,
,,,,,,,,,,"$33,440.00",,,"$22,120.00",,,,0,0,0,,,,,,,,,,,
,,,,,,,,,,"$33,440.00",,,"$22,120.00",,,,0,0,0,,,,,,,,,,,
,,,,,,,,,,"$33,440.00",,,"$22,120.00",,,,0,0,0,,,,,,,,,,,
,,,,,,,,,,"$33,440.00",,,"$22,120.00",,,,0,0,0,,,,,,,,,,,
,,,,,,,,,,"$33,440.00",,,"$22,120.00",,,,0,0,0,,,,,,,,,,,
,,,,,,,,,,"$33,440.00",,,"$22,120.00",,,,0,0,0,,,,,,,,,,,
,,,,,,,,,,"$33,440.00",,,"$22,120.00",,,,0,0,0,,,,,,,,,,,
,,,,,,,,,,"$33,440.00",,,"$22,120.00",,,,0,0,0,,,,,,,,,,,
,,,,,,,,,,"$33,440.00",,,"$22,120.00",,,,0,0,0,,,,,,,,,,,
,,,,,,,,,,"$33,440.00",,,"$22,120.00",,,,0,0,0,,,,,,,,,,,
,,,,,,,,,,"$33,440.00",,,"$22,120.00",,,,0,0,0,,,,,,,,,,,
,,,,,,,,,,"$33,440.00",,,"$22,120.00",,,,0,0,0,,,,,,,,,,,
,,,,,,,,,,"$33,440.00",,,"$22,120.00",,,,0,0,0,,,,,,,,,,,